#Gene_Name	#Uniprot_ID	label
YGL195W	P33892	0
YLR454W	Q06179	0
YJR066W	P35169	0
YHR165C	P33334	0
YFR019W	P34756	0
YJL130C	P07259	0
YCR032W	P25356	0
YER155C	P39960	0
YDL171C	Q12680	0
YFL007W	P43583	0
YMR207C	P32874	0
YGR217W	P50077	0
YJL207C	P39526	0
YGR271W	P53327	0
YNL271C	P41832	0
YGR184C	P19812	0
YLR422W	Q06409	0
YBR275C	P29539	0
YGR032W	P40989	0
YLR342W	P38631	0
YKR095W	Q02455	0
YLR024C	Q07963	0
YHL030W	P38737	0
YGR296W	P0CX14	0
YNL339C	P53819	0
YPL283C	P0CX15	0
YBR208C	P32528	0
YDR420W	P41809	0
YDR545W	P0CX20	0
YLR467W	P0CX21	0
YOR396W	P0CX22	0
YMR306W	Q04952	0
YFL033C	P43565	0
YER132C	P32634	0
YOR290C	P22082	0
YKR031C	P36126	0
YER190W	P40105	0
YIL149C	P40457	0
YML059C	Q04958	0
YLL048C	P32386	0
YDR283C	P15442	0
YMR219W	Q03661	0
YMR162C	Q12674	0
YML103C	P52593	0
YGL206C	P22137	0
YJR140C	P47171	0
YCL014W	P25558	0
YNL297C	P48563	0
YOR191W	Q08562	0
YDR093W	Q12675	0
YCR089W	P25653	0
YNL139C	P53552	0
YHL035C	P38735	0
YNL242W	P53855	0
YDR127W	P08566	0
YJR138W	P47170	0
YBL017C	P32319	0
YNR031C	P53599	0
YER166W	P32660	0
YOR328W	P51533	0
YMR247C	Q04781	0
YLL015W	P14772	0
YLR247C	Q06554	0
YIL173W	P40438	0
YJL222W	P40890	0
YML072C	Q03640	0
YAR050W	P32768	0
YOL004W	P22579	0
YPR184W	Q06625	0
YDR406W	Q04182	0
YGL173C	P22147	0
YDR135C	P39109	0
YDR334W	Q05471	0
YOR153W	P33302	0
YPL058C	Q02785	0
YPL167C	P14284	0
YBL079W	P38181	0
YLR256W	P0CE41	0
YDR011W	P32568	0
YGL197W	P53094	0
YKL010C	P33202	0
YJL095W	Q01389	0
YGR281W	P53049	0
YOR291W	Q12697	0
YAL029C	P32492	0
YER164W	P32657	0
YLL021W	P23201	0
YEL022W	P39993	0
YBR097W	P22219	0
YLR320W	Q06164	0
YJR092W	P47136	0
YMR190C	P35187	0
YJR137C	P47169	0
YDR326C	Q06681	0
YDL112W	Q07527	0
YAL024C	P07866	0
YMR280C	P39113	0
YPR189W	P17883	0
YCR081W	P25648	0
YDR443C	P38931	0
YMR259C	Q03496	0
YIL013C	P40550	0
YMR176W	Q03214	0
YJR031C	P47102	0
YCR042C	P23255	0
YPR164W	Q06211	0
YGL131C	P53127	0
YJL042W	P43638	0
YOR011W	Q08409	0
YBR115C	P07702	0
YER105C	P40064	0
YLR466W	O13559	0
YBL047C	P34216	0
YJR127C	P46974	0
YGR270W	P40340	0
YIL159W	P40450	0
YDR227W	P11978	0
YGR061C	P38972	0
YJR033C	P47104	0
YAL017W	P31374	0
YLR371W	P51862	0
YAL026C	P39524	0
YFL036W	P13433	0
YLR384C	Q06706	0
YHR080C	P38800	0
YOL138C	Q08281	0
YMR129W	P39685	0
YNR070W	P53756	0
YBR081C	P35177	0
YCR073C	P25390	0
YDR216W	P07248	0
YAL063C	P39712	0
YIL030C	P40318	0
YNL250W	P12753	0
YDR217C	P14737	0
YLR425W	Q06412	0
YGR014W	P32334	0
YDR159W	P46674	0
YKL209C	P12866	0
YLR398C	P35207	0
YKL215C	P28273	0
YDL019C	Q12451	0
YMR012W	Q03690	0
YAL002W	P39702	0
YLR436C	Q06673	0
YKL129C	P36006	0
YOR124C	Q01476	0
YGL133W	P53125	0
YJL197W	P39538	0
YOR330C	P15801	0
YML081W	Q04545	0
YDR293C	P24276	0
YOR227W	Q12276	0
YDR104C	Q03868	0
YBL007C	P32790	0
YDR097C	Q03834	0
YNL091W	P53935	0
YNL273W	P53840	0
YJL129C	P12685	0
YMR304W	P50101	0
YNL257C	P38717	0
YHR155W	P38851	0
YCR033W	P25357	0
YPR095C	Q06836	0
YDR335W	P52918	0
YPL110C	Q02979	0
YJL080C	P06105	0
YLR084C	Q12465	0
YMR109W	Q04439	0
YKR103W	P0CE68	0
YBR295W	P38360	0
YEL031W	P39986	0
YPR026W	P48016	0
YPR122W	P40851	0
YLR189C	Q06321	0
YPL226W	Q08972	0
YKR096W	P36168	0
YAR042W	P35845	0
YGL251C	P51979	0
YOR086C	Q12466	0
YNL106C	P50942	0
YBR218C	P32327	0
YGL062W	P11154	0
YGR233C	P17442	0
YKL201C	P36044	0
YNL087W	P48231	0
YPR049C	Q12527	0
YJL092W	P12954	0
YGL006W	P38929	0
YKL038W	P32862	0
YPL006W	Q12200	0
YKR102W	P36170	0
YLR032W	P32849	0
YBR023C	P29465	0
YNL054W	P53950	0
YHR158C	P38853	0
YJR151C	P47179	0
YJL020C	P47068	0
YKR082W	P36161	0
YGR070W	P53046	0
YJR090C	P24814	0
YBL066C	P34228	0
YDR128W	Q03897	0
YLR096W	P13186	0
YGR097W	P48361	0
YHL023C	P38742	0
YLR410W	Q06685	0
YDR507C	Q12263	0
YER129W	P38990	0
YGR170W	P53037	0
YOR188W	P21339	0
YML117W	Q03735	0
YBL022C	P36775	0
YGL151W	P53114	0
YKL105C	P34250	0
YAL019W	P31380	0
YNL192W	P08004	0
YBR245C	P38144	0
YPL115C	P32873	0
YML104C	Q01846	0
YDL231C	Q07660	0
YGR134W	P53280	0
YER176W	P32644	0
YPR030W	Q12734	0
YBR235W	P38329	0
YOR304W	Q08773	0
YIL151C	P40456	0
YJR109C	P03965	0
YBL101C	P38167	0
YNR067C	P53753	0
YOL087C	Q99247	0
YGL094C	P53010	0
YHR079C	P32361	0
YLR383W	Q12749	0
YER110C	P40069	0
YIR033W	P40578	0
YBL063W	P28742	0
YBR059C	P38080	0
YOR109W	Q12271	0
YKL092C	P33314	0
YOL045W	Q08217	0
YPL022W	P06777	0
YML100W	P38427	0
YCL061C	P25588	0
YBR150C	P38114	0
YER111C	P25302	0
YDL215C	P33327	0
YDR038C	Q12691	0
YDR039C	Q01896	0
YDR040C	P13587	0
YJR091C	P47135	0
YHR077C	P38798	0
YJR035W	P40352	0
YGL156W	P22855	0
YIL112W	P40480	0
YPR115W	Q06108	0
YKL020C	P35210	0
YGL016W	P32767	0
YOL051W	P19659	0
YOL100W	Q12236	0
YHR102W	P38692	0
YHR119W	P38827	0
YDR291W	Q05549	0
YOL145C	P89105	0
YER033C	P40021	0
YHR211W	P38894	0
YPR042C	Q12221	0
YFL034W	P43564	0
YDL185W	P17255	0
YIL156W	P40453	0
YHR154W	P38850	0
YGL013C	P12383	0
YCR067C	P25365	0
YDR122W	P13185	0
YDR310C	P46676	0
YNL278W	P53836	0
YJL098W	P40856	0
YLR039C	P40395	0
YML075C	P12683	0
YMR261C	P38426	0
YDR017C	Q12494	0
YCR011C	P25371	0
YDL077C	Q07468	0
YJR132W	P46970	0
YAL051W	P39720	0
YDL223C	Q07653	0
YJL084C	P47029	0
YLR450W	P12684	0
YNL014W	P53978	0
YKL197C	P24004	0
YNL327W	P42835	0
YER114C	P39969	0
YBL104C	P38164	0
YPL009C	Q12532	0
YCL024W	P25389	0
YKL057C	P35729	0
YFR030W	P39692	0
YMR189W	P49095	0
YKR028W	P36123	0
YPR032W	Q12038	0
YIL128W	P40469	0
YPL125W	Q02932	0
YGR258C	P07276	0
YNL329C	P33760	0
YOL089C	Q12180	0
YFL025C	P43571	0
YMR231W	P12868	0
YLR389C	Q06010	0
YLR187W	Q06315	0
YBL037W	P38065	0
YGR188C	P41695	0
YCR092C	P25336	0
YDL240W	P35688	0
YDR028C	Q00816	0
YIL125W	P20967	0
YOR349W	P40987	0
YPL183C	Q08924	0
YDR495C	P23643	0
YBL106C	P38163	0
YDR379W	Q06407	0
YOR127W	P39083	0
YDR270W	P38995	0
YGL241W	P53067	0
YAL035W	P39730	0
YFR040W	P43612	0
YPL040C	P48526	0
YEL061C	P27895	0
YDL149W	Q12142	0
YNL123W	P53920	0
YHR073W	P38713	0
YOR363C	P52960	0
YHR027C	P38764	0
YIR002C	P40562	0
YDR080W	P38959	0
YOL084W	Q12252	0
YDR430C	P32898	0
YGR240C	P16861	0
YLR138W	Q99271	0
YOR346W	P12689	0
YDR359C	Q06337	0
YMR185W	Q12751	0
YBL085W	P38041	0
YKL015W	P25502	0
YLR442C	P06701	0
YBL005W	P33200	0
YMR275C	P48524	0
YBR084W	P09440	0
YIL073C	P40511	0
YNL236W	P32259	0
YMR080C	P30771	0
YIR023W	P21657	0
YKL064W	P35724	0
YMR287C	P39112	0
YNL243W	P33338	0
YOL155C	Q05164	0
YBR112C	P14922	0
YLR067C	P32522	0
YNL023C	P53971	0
YIL130W	P40467	0
YOL090W	P25847	0
YDL035C	Q12361	0
YDL190C	P54860	0
YMR086W	Q04279	0
YHR120W	P25846	0
YKL068W	Q02629	0
YMR205C	P16862	0
YBR073W	P38086	0
YGL227W	P53076	0
YOL063C	Q08226	0
YBR229C	P38138	0
YJR089W	P47134	0
YCR017C	P25618	0
YMR266W	Q03516	0
YNL127W	P53917	0
YGR162W	P39935	0
YKL157W	P32454	0
YDR421W	Q04052	0
YGL167C	P13586	0
YGR100W	P53258	0
YMR019W	P50104	0
YBR108W	P38266	0
YPL036W	P19657	0
YBR086C	P38250	0
YGR204W	P07245	0
YIL002C	P40559	0
YIL137C	P40462	0
YDR395W	Q04175	0
YJL154C	P34110	0
YML076C	Q03631	0
YOR005C	Q08387	0
YML109W	P54786	0
YHL007C	Q03497	0
YGR089W	P53253	0
YPL195W	Q08951	0
YOR219C	P33894	0
YER075C	P40048	0
YGR056W	P53236	0
YKL171W	P36003	0
YPR135W	Q01454	0
YDR069C	P32571	0
YBR203W	P38308	0
YCR037C	P25360	0
YER024W	P40017	0
YIL017C	P40547	0
YML111W	Q03758	0
YBR033W	P38073	0
YBR017C	P38217	0
YLR148W	P27801	0
YDR103W	P32917	0
YKR021W	P36117	0
YMR273C	P50111	0
YGL049C	P39936	0
YOR113W	P41696	0
YDR213W	Q12151	0
YER151C	Q01477	0
YLR309C	Q06704	0
YGL141W	P53119	0
YKR089C	P36165	0
YLL026W	P31539	0
YNL321W	P42839	0
YBR289W	P18480	0
YDR409W	Q04195	0
YLR014C	P07272	0
YNL313C	P42842	0
YIL047C	P40528	0
YPR021C	Q12482	0
YPR160W	P06738	0
YDL154W	Q12175	0
YDR006C	P40317	0
YLR373C	Q05934	0
YKR009C	Q02207	0
YDR466W	Q03306	0
YGL163C	P32863	0
YMR066W	Q04748	0
YER047C	P39955	0
YOR371C	Q08886	0
YDR074W	P31688	0
YDR096W	Q03833	0
YLR382C	P11325	0
YNR013C	P27514	0
YPL249C	Q12344	0
YLR092W	Q12325	0
YNR047W	P53739	0
YOR129C	Q99222	0
YJR036C	P40985	0
YNL233W	P53858	0
YMR054W	P37296	0
YDR027C	Q12071	0
YKR050W	P28584	0
YLR357W	Q06488	0
YER070W	P21524	0
YLR451W	P08638	0
YDL117W	Q07533	0
YOR058C	P50275	0
YDL194W	P10870	0
YDR206W	Q03466	0
YLR318W	Q06163	0
YHR056C	P38781	0
YGR238C	P50090	0
YJL078C	P47033	0
YJL198W	P39535	0
YKL073W	P36016	0
YOR141C	Q12386	0
YOR211C	P32266	0
YPL248C	P04386	0
YAL056W	P39717	0
YJL056C	P47043	0
YLR386W	Q06708	0
YML099C	P05085	0
YLL013C	Q07807	0
YNL325C	P42837	0
YBR281C	P38149	0
YFL003C	P40965	0
YDR186C	Q04007	0
YPR194C	Q06593	0
YDR475C	Q03361	0
YER032W	P40020	0
YNL049C	P53953	0
YDR285W	P31111	0
YLR240W	P22543	0
YOR038C	P32480	0
YJL094C	P40309	0
YNL082W	P14242	0
YCR030C	P25623	0
YPL147W	P41909	0
YGR157W	P05374	0
YIL066C	P21672	0
YPL268W	P32383	0
YLL005C	Q07798	0
YPL174C	P33420	0
YPL141C	Q03002	0
YDR351W	P42223	0
YGR150C	P48237	0
YER069W	Q01217	0
YKR064W	P36023	0
YMR165C	P32567	0
YNL068C	P41813	0
YMR125W	P34160	0
YPL008W	P22516	0
YGR071C	P53246	0
YBR294W	P38359	0
YGL178W	P39016	0
YML061C	P07271	0
YFL050C	P43553	0
YNL201C	P40164	0
YHR047C	P37898	0
YBR179C	P38297	0
YJL165C	P38970	0
Q0055	P03876	0
YDL040C	P12945	0
YDR369C	P33301	0
YFR038W	P43610	0
YKL188C	P34230	0
YHR103W	P38814	0
YKL121W	P32330	0
YER167W	P33306	0
YMR053C	P46679	0
YMR302C	P32843	0
YLR057W	Q12205	0
YPL105C	Q02875	0
YPL084W	P48582	0
YMR031C	Q05050	0
YDR385W	P32324	0
YJL047C	P47050	0
YNL298W	P48562	0
YBL008W	P32479	0
YJL204C	P39531	0
YOR270C	P32563	0
YNL041C	P53959	0
YML029W	Q03714	0
YAL021C	P31384	0
YOR018W	Q02805	0
YDR207C	P39001	0
YIL038C	P06102	0
YPL019C	Q02725	0
Q0050	P03875	0
YML034W	Q03707	0
YDL056W	P39678	0
YGL027C	P53008	0
YLR207W	Q05787	0
YCR106W	P25611	0
YPR029C	Q12028	0
YBL052C	P34218	0
YDR251W	P37304	0
YJL062W	P40367	0
YNL085W	P40850	0
YJL089W	P46954	0
YFL004W	P43585	0
YKL176C	P34239	0
YBR133C	P38274	0
YIL107C	P40433	0
YLR263W	P14291	0
YJL176C	P32591	0
YMR089C	P40341	0
YPL032C	Q03088	0
YHR205W	P11792	0
YIL140W	P38928	0
YJL029C	P47061	0
YJL051W	P47046	0
YOR195W	Q08581	0
YJL102W	P39677	0
YJL187C	P32944	0
YGL229C	P53036	0
YHR028C	P18962	0
YJR059W	P47116	0
YOR322C	Q12502	0
YDL095W	P33775	0
YGR196C	P46949	0
YLR337C	P37370	0
YDR422C	P32578	0
YLR228C	Q05958	0
YNL238W	P13134	0
YLR095C	Q12072	0
YDR258C	P33416	0
YJR126C	P47161	0
YKR099W	P22035	0
YLR176C	P48743	0
YIL095W	P40494	0
YML035C	P15274	0
YOR162C	Q12172	0
YDL122W	P25037	0
YGR261C	P46682	0
YBR276C	P38148	0
YJL141C	P14680	0
YER144C	P39944	0
YGL216W	P53086	0
YGL083W	P53009	0
YLR182W	P09959	0
YGL139W	P53121	0
YGL234W	P07244	0
YMR257C	P08468	0
YOR017W	P32606	0
YCL030C	P00815	0
YJL212C	P40897	0
YPL180W	Q08921	0
YPL045W	Q03308	0
YCR077C	P25644	0
YER169W	P39956	0
YFL023W	P43573	0
YHR204W	P38888	0
YOL076W	Q12387	0
YDR485C	Q03388	0
YER184C	P39961	0
YOR178C	P28006	0
YPL221W	Q08967	0
YNL186W	P53874	0
YOR144C	Q12050	0
YBR114W	P31244	0
YDL239C	Q07732	0
YDR034C	P40971	0
YNL183C	P22211	0
YJL200C	P39533	0
YOR035C	P51534	0
YGR200C	P42935	0
YLR319C	P41697	0
YFR013W	P43596	0
YNR033W	P37254	0
YOR172W	Q12340	0
YMR016C	P53438	0
YAL053W	P39719	0
YPL176C	Q08919	0
YLR241W	Q06538	0
YMR212C	Q03653	0
YNL212W	P40157	0
YBR058C	P38237	0
YBR001C	P35172	0
YGL009C	P07264	0
YJR040W	P37020	0
YLR144C	Q12168	0
YLR304C	P19414	0
YOR165W	Q99287	0
YML006C	Q04233	0
YPL270W	P33311	0
YDR520C	Q04411	0
YKL134C	P35999	0
YGR143W	P33336	0
YKR010C	Q02208	0
YLR131C	P21192	0
YPR091C	Q06833	0
YMR167W	P38920	0
YOL006C	P04786	0
YDR119W	Q04602	0
YER091C	P05694	0
YNL224C	P53866	0
YDR490C	Q03407	0
YKL072W	P36085	0
YOR140W	P20134	0
YKR027W	P36122	0
YDR264C	P39010	0
YIR007W	P40566	0
YLR114C	Q12500	0
YDL138W	Q12300	0
YNL311C	P42843	0
YER001W	P39106	0
YJR143C	P46971	0
YER017C	P39925	0
YLR069C	P25039	0
YOR112W	Q12453	0
YAL031C	P39732	0
YCL045C	P25574	0
YGL021W	P43633	0
YAL023C	P31382	0
YBL011W	P32784	0
YER041W	P40028	0
YGR199W	P42934	0
YOR267C	Q08732	0
YOR337W	P47988	0
YKL034W	P36096	0
YPL158C	Q99299	0
YLL001W	P54861	0
YOR014W	P38903	0
YNL059C	P53946	0
YER098W	P39967	0
YER162C	P14736	0
YPL074W	P40328	0
YBR094W	P38254	0
YOR321W	P47190	0
YDR138W	P17629	0
YFR009W	P43535	0
YDR001C	P32356	0
YKR029C	P36124	0
YOR208W	P29461	0
YGL086W	P40957	0
YLL029W	Q07825	0
YOR034C	Q12013	0
YOR081C	Q12043	0
YGL205W	P13711	0
YLR135W	Q12098	0
YPR031W	Q12311	0
YBL067C	P38187	0
YOR076C	Q08491	0
YPR024W	P32795	0
YDL234C	P48365	0
YJL099W	P40955	0
YOR299W	Q08754	0
YCL039W	P25569	0
YER015W	P39518	0
YGR003W	P53202	0
YDL093W	P52867	0
YHR178W	P38699	0
YKR067W	P36148	0
YCR026C	P25353	0
YKR024C	P36120	0
YMR216C	Q03656	0
YMR078C	P49956	0
YBR172C	P32909	0
YKL054C	P35732	0
YPR185W	Q06628	0
YLL019C	P32350	0
YPL029W	P32580	0
YBR007C	P38213	0
YHL016C	P33413	0
YHR149C	P32900	0
YEL053C	Q02197	0
YFR022W	P43602	0
YJL168C	P46995	0
YLR381W	Q12748	0
YOR001W	Q12149	0
YOR080W	Q08496	0
YJL082W	P47031	0
YER040W	P18494	0
YGL203C	P09620	0
YPR141C	P17119	0
YJR119C	P47156	0
YLR219W	Q05812	0
YMR154C	Q03792	0
YDL116W	P52891	0
YKL135C	P36000	0
YOR156C	Q12216	0
YJR106W	P47144	0
YNR044W	P32323	0
YDR205W	Q03455	0
YKL168C	P36004	0
YLR054C	Q12202	0
YMR237W	Q05029	0
YDR333C	Q05468	0
YHR031C	P38766	0
YGR178C	P53297	0
YIL091C	P40498	0
YJL012C	P47075	0
YCR091W	P25341	0
YLR335W	P32499	0
YMR192W	Q04322	0
YPR159W	P32486	0
YDL167C	P32770	0
YMR172W	Q03213	0
YNR060W	P53746	0
YKR098C	P36026	0
YLR362W	P23561	0
YKL213C	P36037	0
YPL164C	Q12083	0
YFL047W	P43556	0
YJL112W	P47025	0
YOL017W	Q08119	0
YAL054C	Q01574	0
YCR084C	P16649	0
YHL024W	P38741	0
YNL101W	P50944	0
YCL057W	P25375	0
YLL051C	Q12473	0
YLR006C	Q07084	0
YKL220C	P36033	0
YOR381W	Q08905	0
YDR436W	P33329	0
YAR014C	P27637	0
YDR146C	P08153	0
YHL032C	P32190	0
YPL240C	P02829	0
YFR015C	P23337	0
YGL026C	P00931	0
YJR134C	P47166	0
YER113C	P40071	0
YKR090W	P36166	0
YMR006C	Q03674	0
YNL021W	P53973	0
YOL060C	Q12296	0
YOL095C	Q12039	0
YPL155C	P28743	0
YLR258W	P27472	0
YMR163C	Q03824	0
YMR186W	P15108	0
YBR131W	P38273	0
YEL011W	P32775	0
YGL249W	P53061	0
YKR001C	P21576	0
YMR037C	P33748	0
YDR176W	P32494	0
YDR221W	Q04924	0
YOR033C	P39875	0
YIL005W	P40557	0
YLR266C	Q06149	0
YDL074C	Q07457	0
YJR005W	P27351	0
YOR317W	P30624	0
YBR019C	P04397	0
YDL214C	Q12310	0
YLR233C	P17214	0
YBR156C	P38283	0
YDL039C	Q12459	0
YDR108W	P46944	0
YLR452C	P11972	0
YPL116W	Q02959	0
YBL061C	P34226	0
YLR035C	Q07980	0
YLR188W	P33310	0
YOL141W	Q08282	0
YBR255W	P38335	0
YIL009W	P39002	0
YMR246W	P47912	0
YOR384W	Q08908	0
YPR008W	Q12753	0
YBR169C	P32590	0
YDR234W	P49367	0
YLR072W	Q08001	0
YPL106C	P32589	0
YDR314C	Q06665	0
YFL013C	P43579	0
YKL146W	P36062	0
YML016C	P26570	0
YMR224C	P32829	0
YOR354C	Q08818	0
YBR098W	P38257	0
YJL093C	P40310	0
YLR396C	P20795	0
YGL071W	P22149	0
YBR043C	P38227	0
YDR332W	Q06683	0
YER077C	P40050	0
YJR110W	P47147	0
YPL222W	Q08968	0
YAR035W	P80235	0
YBL060W	P34225	0
YLR260W	Q06147	0
YMR108W	P07342	0
YIL105C	P40485	0
YLR047C	Q12209	0
YLR214W	P32791	0
YLR399C	P35817	0
YOL011W	Q08108	0
YGL144C	P53118	0
YLR143W	Q12429	0
YBL024W	P38205	0
YDR350C	P50273	0
YMR075W	Q04779	0
YKL017C	P34243	0
YBR117C	P33315	0
YKL126W	P12688	0
YPR007C	Q12188	0
YPR074C	P23254	0
YHL029C	P38738	0
YIR003W	P40563	0
YKL025C	P36102	0
YKL179C	P34237	0
YJL101C	P32477	0
YNL027W	P53968	0
YMR104C	P18961	0
YMR232W	Q05670	0
YBL009W	P32789	0
YNL008C	P53983	0
YOL023W	P25038	0
YOR243C	Q08647	0
YPL089C	Q12224	0
YOR069W	Q92331	0
YOR087W	Q12324	0
YBR216C	P38315	0
YDR295C	Q06629	0
YDR452W	Q04119	0
YOR054C	Q08438	0
YNL125C	P53918	0
YBR212W	P32831	0
YDR107C	Q04562	0
YLR330W	Q12114	0
YNL045W	Q10740	0
YOR138C	Q12242	0
YER088C	P40059	0
YLR427W	Q06436	0
YML042W	P32796	0
YBR041W	P38225	0
YGL236C	P53070	0
YKL029C	P36013	0
YLL043W	P23900	0
YBL051C	P34217	0
YDR320C	Q06677	0
YJL128C	P08018	0
YLR401C	Q06053	0
YML088W	Q04511	0
YJL057C	P47042	0
YLR083C	P32802	0
YBR260C	P38339	0
YEL007W	P40002	0
YLL007C	Q07799	0
YDR194C	P15424	0
YMR008C	P39105	0
YDR137W	P16664	0
YDR458C	Q03281	0
YDR508C	P48813	0
YJL149W	P47005	0
YOR350C	P24720	0
YAL048C	P39722	0
YDR307W	Q06644	0
YFR048W	P43620	0
YKL198C	P36002	0
YMR137C	P30620	0
YNL197C	P34761	0
YNL279W	P53835	0
YNR008W	P40345	0
YOR275C	Q12033	0
YLR299W	Q05902	0
YOL025W	Q92325	0
YER173W	P32641	0
YHR015W	P38760	0
YOR273C	Q12256	0
YPL104W	P15179	0
YGL066W	P53165	0
YLR369W	Q05931	0
YPL023C	P46151	0
YDR496C	Q04373	0
YIL037C	P40534	0
YKL079W	P32364	0
YLR234W	P13099	0
YNL047C	P53955	0
YOL113W	Q12469	0
YPR179C	Q06623	0
YJL209W	P07252	0
YKR101W	P21691	0
YLR429W	Q06440	0
YPL263C	Q08979	0
YJR004C	P20840	0
YML007W	P19880	0
YBL075C	P09435	0
YDL224C	Q07655	0
YIL155C	P32191	0
YLR098C	P43634	0
YLR273C	Q06216	0
YDR014W	Q99359	0
YIL101C	P40489	0
YNL167C	Q02100	0
YPL253C	Q12045	0
YFL054C	P43549	0
YGL107C	P53140	0
YOL164W	Q08347	0
YJL073W	P40358	0
YJL106W	P32581	0
YLR289W	P46943	0
YOL117W	Q12348	0
YEL030W	P39987	0
YER049W	P40032	0
YGL124C	P53129	0
YHR039C	P38694	0
YPL269W	P32526	0
YHR091C	P38714	0
YKR036C	P36130	0
YLR139C	P42900	0
YAL005C	P10591	0
YCR038C	P25300	0
YDR129C	P32599	0
YER103W	P22202	0
YMR313C	P40308	0
YNL299W	P48561	0
YNR019W	P53629	0
YDR484W	P39904	0
YGL060W	P53169	0
YDL113C	Q07528	0
YIL056W	P40522	0
YJL127C	P35208	0
YKL048C	P32801	0
YKL148C	Q00711	0
YBL042C	P38196	0
YBR045C	P38229	0
YDR266C	Q05580	0
YHR117W	P38825	0
YJR130C	P47164	0
YKR056W	P33753	0
YLL024C	P10592	0
Q0120	P03879	0
YDL070W	Q07442	0
YBR280C	P38352	0
YHR161C	P38856	0
YOR070C	Q08484	0
YMR058W	P38993	0
YNL176C	P53882	0
YAL016W	P31383	0
YDR380W	Q06408	0
YEL060C	P09232	0
YGL023C	P53191	0
YIR028W	Q04895	0
YBR021W	P05316	0
YCL025C	P25376	0
YDR456W	Q04121	0
YDR477W	P06782	0
YHR114W	P38822	0
YNL293W	P48566	0
YPL161C	P39011	0
YDR049W	Q04311	0
YDR386W	Q04149	0
YDR419W	Q04049	0
YKL204W	P36041	0
YNL012W	P53541	0
YOR356W	Q08822	0
Q0070	Q9ZZX1	0
YHL038C	P03874	0
YHR035W	P38769	0
YHR171W	P38862	0
YIL014W	P40549	0
YKL062W	P33749	0
YMR106C	Q04437	0
YOR066W	Q08471	0
YEL065W	P39980	0
YKL155C	P36056	0
YOR239W	Q08641	0
YER080W	P40053	0
YHL040C	P38731	0
YHR124W	P38830	0
YOR348C	P15380	0
YAL011W	P31376	0
YBR215W	Q01448	0
YDR425W	Q04053	0
YHL027W	P33400	0
YGL110C	P53137	0
YMR119W	P54074	0
YOR171C	Q12246	0
YDL203C	Q07622	0
YFL049W	P43554	0
YKL212W	P32368	0
YAL047C	P39723	0
YFL041W	P43561	0
YGR221C	P50078	0
YHR206W	P38889	0
YMR278W	Q03262	0
YNR006W	P40343	0
YOR137C	Q12212	0
YOR147W	Q12171	0
YPR156C	Q06451	0
YDL025C	Q12100	0
YDL063C	Q07395	0
YDR085C	P33304	0
YHL047C	P38724	0
YMR100W	Q03162	0
YOL152W	Q12333	0
YBR069C	P38085	0
YNL104C	P06208	0
YOR030W	Q99234	0
YOR175C	Q08548	0
YJL103C	P42950	0
YKL174C	P36029	0
YPR081C	Q06817	0
YNL121C	P07213	0
YPL119C	P24784	0
YGR289C	P53048	0
YKL217W	P36035	0
YKR058W	P36143	0
YPR155C	Q12374	0
YCL073C	P25596	0
YEL062W	P39923	0
YKR019C	P36115	0
YKR106W	P36173	0
YMR092C	P46680	0
YBR298C	P38156	0
YGR138C	P53283	0
YDL229W	P11484	0
YGR224W	P50080	0
YLR206W	Q05785	0
YNL209W	P40150	0
YOR092W	Q99252	0
YDR244W	P35056	0
YMR098C	Q03153	0
YPL070W	Q02866	0
YPL184C	Q08925	0
YPL194W	Q08949	0
YFR023W	P39684	0
YKR084C	P32769	0
YNL268W	P32487	0
YCR048W	P25628	0
YDR143C	P22470	0
YLR248W	P38623	0
YBR068C	P38084	0
YBR148W	P38280	0
YDL080C	Q07471	0
YDL247W	P0CD99	0
YOL091W	Q12411	0
YOL103W	P30606	0
YPL189W	Q08929	0
YDR506C	Q04399	0
YPL265W	P53388	0
YJL100W	P42951	0
YML071C	Q04632	0
YOL158C	Q08299	0
YPL005W	Q12089	0
YPR018W	Q12495	0
YHL019C	P38700	0
YHL028W	P38739	0
YIL072W	P20050	0
YNR039C	P53735	0
YDR046C	P41815	0
YDR200C	Q03944	0
YJL083W	P47030	0
YML057W	P14747	0
YOL148C	P50875	0
YOR108W	Q12166	0
YCR008W	P25333	0
YLR353W	P41698	0
YJR001W	P47082	0
YJR160C	P0CE00	0
YKR039W	P19145	0
YLR055C	P38915	0
YMR284W	P32807	0
YOR324C	Q99332	0
YKR093W	P32901	0
YGL125W	P53128	0
YGL192W	P41833	0
YGR194C	P42826	0
YJL201W	P32525	0
YOR192C	Q08579	0
YLR237W	Q05998	0
YLR368W	Q05930	0
YOR071C	Q08485	0
YBR015C	P38069	0
YKL032C	P33417	0
YBR132C	P38090	0
YDR144C	P53379	0
YDR349C	Q06325	0
YKL005C	P36106	0
YAL067C	P39709	0
YDR101C	Q03862	0
YGR225W	P50082	0
YKR069W	P36150	0
YML017W	P50109	0
YCR088W	P15891	0
YHR096C	P38695	0
YLR089C	P52893	0
YMR120C	P38009	0
YOL020W	P38967	0
YFL053W	P43550	0
YLR028C	P54113	0
YML054C	P00175	0
YEL063C	P04817	0
YNL227C	P53863	0
YOR073W	Q08490	0
YDR294C	Q05567	0
YGR077C	P53248	0
YGR287C	P53051	0
YIL172C	P0CW40	0
YJL221C	P0CW41	0
YOL157C	Q08295	0
YOR027W	P15705	0
YGL252C	P32608	0
YKL185W	P34233	0
YDL174C	P32891	0
YER068W	P34909	0
YIL015W	P12630	0
YIL036W	P40535	0
YML123C	P25297	0
YNL094W	P53933	0
YNL218W	P40151	0
YOR154W	Q12232	0
YOR308C	Q12420	0
YPL274W	Q08986	0
YDL227C	P09932	0
YGR068C	P53244	0
YJL186W	P46982	0
YLL028W	Q07824	0
YMR291W	Q03533	0
YNL065W	P53943	0
YNR055C	P53389	0
YOL015W	Q08118	0
YBR163W	P38289	0
YHL010C	P38748	0
YHL039W	P38732	0
YHR108W	P38817	0
YHR109W	P38818	0
YMR250W	Q04792	0
YBR299W	P38158	0
YDR497C	P30605	0
YGR292W	P53341	0
YML013W	Q04228	0
YML070W	P54838	0
YNL076W	P34072	0
YOL115W	P53632	0
YCL051W	P25579	0
YJL162C	P46997	0
YLL061W	Q12372	0
YLR077W	Q08023	0
YPL208W	Q08961	0
YCR014C	P25615	0
YDR440W	Q04089	0
YKR105C	P36172	0
YLR133W	P20485	0
YHR032W	P38767	0
YJL216C	P40884	0
YNL225C	P53865	0
YAL040C	P13365	0
YBR170C	P33755	0
YMR282C	P22136	0
YNR059W	P53745	0
YBL039C	P28274	0
YGL186C	P53099	0
YHR150W	P38848	0
YHR194W	P38880	0
YKL124W	P32343	0
YPR083W	Q06820	0
YEL013W	P39968	0
YJR103W	P38627	0
YLR361C	Q05924	0
YGL095C	P38932	0
YGL228W	P53075	0
YOR067C	P40351	0
YER086W	P00927	0
YER087W	P39965	0
YHR092C	P32467	0
YJL172W	P27614	0
YNL073W	P32048	0
YNL275W	P53838	0
YPR171W	Q06604	0
YGR171C	P22438	0
YHR037W	P07275	0
YOL122C	P38925	0
YPR006C	Q12031	0
YBR296C	P38361	0
YGR055W	P50276	0
YJL071W	P40360	0
YJR053W	P47113	0
YLR081W	P13181	0
YER124C	P40077	0
YLL012W	Q07804	0
YNL270C	P38971	0
YOL027C	Q08179	0
YBR044C	P38228	0
YBR180W	P38125	0
YGR092W	P22204	0
YGR124W	P49090	0
YOR090C	Q12511	0
YPR121W	Q06490	0
YPR145W	P49089	0
YDL210W	P32837	0
YHR184W	P38871	0
YOR128C	P21264	0
YDR026C	Q12457	0
YDR120C	P15565	0
YDR342C	P39004	0
YDR343C	P39003	0
YGL160W	P53109	0
YHR094C	P32465	0
YKL127W	P33401	0
YLR267W	Q06150	0
YDR536W	P39932	0
YJL214W	P40886	0
YLR120C	P32329	0
YLR253W	Q06567	0
YMR105C	P37012	0
YGR241C	P53309	0
YDL245C	P54854	0
YDR345C	P32466	0
YJL219W	P40885	0
YJR158W	P47185	0
YOL156W	P54862	0
YOR118W	Q12108	0
YPL030W	Q02648	0
YCL036W	P25370	0
YDR110W	O13329	0
YDR481C	P11491	0
YGL003C	P53197	0
YLR417W	Q06696	0
YNR023W	P53628	0
YOR023C	Q12433	0
YPR070W	Q12321	0
YDR117C	Q04600	0
YJR052W	P06779	0
YOR386W	P05066	0
YBR186W	P38126	0
YCR065W	P25364	0
YEL069C	P39924	0
YNR072W	P53631	0
YGL077C	P19807	0
YGR087C	P26263	0
YIL120W	P40475	0
YLR044C	P06169	0
YLR134W	P16467	0
YDL042C	P06700	0
YDR261C	P52911	0
YGR088W	P06115	0
YKR072C	P36024	0
YLR286C	P29029	0
YMR088C	Q04301	0
YGL064C	P53166	0
YNR056C	P53744	0
YEL020C	P39994	0
YGL084C	P53154	0
YGL179C	P43637	0
YGR166W	P32893	0
YJL105W	P42948	0
YMR136W	P40209	0
YMR145C	P40215	0
YPR072W	Q12514	0
YDL106C	P07269	0
YMR307W	P22146	0
YFL055W	P43548	0
YGL244W	P53064	0
YGL257C	P53059	0
YDR358W	Q06336	0
YER065C	P28240	0
YPL086C	Q02908	0
YPL120W	Q02948	0
Q0065	P03878	0
YER140W	P40085	0
YOL105C	Q12215	0
YOR205C	Q08622	0
YLR343W	Q06135	0
YNL219C	P53868	0
YPL042C	P39073	0
YDR479C	Q03370	0
YIR031C	P21826	0
YKL109W	P14064	0
YMR036C	P23748	0
YNL117W	P30952	0
YGR276C	P53331	0
YLR433C	P23287	0
YMR258C	Q04847	0
YBR030W	P38222	0
YBR248C	P33734	0
YMR319C	P40988	0
YBR200W	P29366	0
YDL225W	Q07657	0
YEL015W	P39998	0
YGR023W	P53214	0
YJL110C	P42944	0
YKR017C	P36113	0
YNR030W	P53730	0
YOL013C	Q08109	0
YOL055C	Q08224	0
YOR132W	P32913	0
YPL258C	Q08975	0
YPL260W	Q08977	0
YMR171C	Q03212	0
YDR242W	P22580	0
YHR050W	P38778	0
YIL099W	P08019	0
YJR131W	P32906	0
YKR097W	P10963	0
YPL179W	P32945	0
YBR008C	P38124	0
YER054C	P40036	0
YKL140W	P34163	0
YNL048W	P53954	0
YNL291C	P41821	0
YOR241W	Q08645	0
YGR041W	P53226	0
YGR197C	P46950	0
YFL011W	P43581	0
YHL036W	P38734	0
YMR199W	P20437	0
YNL154C	P23292	0
YOR380W	Q08904	0
YBL099W	P07251	0
YBR270C	P38346	0
YDL085W	Q07500	0
YPL256C	P20438	0
YBR223C	P38319	0
YOR002W	Q12001	0
YPL212C	Q12211	0
YBR222C	P38137	0
YJL058C	P47041	0
YJR152W	P15365	0
YLR023C	Q07959	0
YPR198W	P33335	0
YDR057W	Q99220	0
YGL028C	P53189	0
YGL045W	P53179	0
YIL121W	P40474	0
YML116W	P13090	0
YNL249C	P53583	0
YBL080C	P33893	0
YHR006W	P38704	0
YMR011W	P23585	0
YNL318C	P42833	0
YPL214C	P41835	0
YAR002W	P39705	0
YER014W	P40012	0
YOR161C	Q12412	0
YHR064C	P38788	0
YHR135C	P23291	0
YIL045W	P40187	0
YLR020C	Q07950	0
YMR015C	P54781	0
YBR286W	P37302	0
YIR039C	P40583	0
YDR403W	P21623	0
YOL033W	P48525	0
YBR103W	P38262	0
YGR177C	P53296	0
YML115C	P23642	0
Q0045	P00401	0
YDR147W	Q03764	0
YGR260W	P53322	0
YKL191W	P32461	0
YNL199C	Q01722	0
YDR195W	P42073	0
YDR488C	P40960	0
YER056C	P17064	0
YJL153C	P11986	0
YNL294C	P48565	0
YIL162W	P00724	0
YMR110C	Q04458	0
YMR297W	P00729	0
YDL020C	Q03465	0
YLL055W	Q12235	0
YDL178W	P46681	0
YER060W-A	Q12119	0
YJR049C	P21373	0
YLR313C	Q06160	0
YBR239C	P38140	0
YIL146C	P40458	0
YAL028W	P39734	0
YBR020W	P04385	0
YCL038C	P25568	0
YDL088C	Q05166	0
YDL170W	P26370	0
YDR534C	Q04433	0
YKL139W	Q03957	0
YNL077W	P53940	0
YBR214W	P38314	0
YBR274W	P38147	0
YDR072C	P38954	0
YER052C	P10869	0
YGL056C	P53172	0
YKL074C	P36084	0
YBL015W	P32316	0
YGL190C	Q00362	0
YHR151C	P38849	0
YHR207C	P38890	0
YML086C	P54783	0
YMR023C	P32559	0
YNL138W	P17555	0
YOR360C	P06776	0
YBL054W	P34219	0
YBR028C	P38070	0
YDL197C	P32448	0
YGR227W	P50076	0
YMR217W	P38625	0
YOR377W	P40353	0
YER123W	P39962	0
YML056C	P50094	0
YMR215W	Q03655	0
YNL295W	P48564	0
YBR250W	P33757	0
YGL078C	P20447	0
YHR009C	P38758	0
YHR216W	P38697	0
YKL039W	P32857	0
YLR004C	Q07904	0
YLR324W	Q06169	0
YLR432W	P50095	0
YMR029C	Q05040	0
YOR359W	Q08831	0
YDL156W	Q12510	0
YNL029C	P53966	0
YNL116W	P53924	0
YOR355W	P41913	0
YDR501W	Q04383	0
YOR306C	Q08777	0
YBL019W	P38207	0
YBR227C	P38323	0
YCR068W	P25641	0
YDR009W	P13045	0
YER073W	P40047	0
YDR463W	Q00947	0
YJR003C	P47084	0
YMR014W	Q04347	0
YOR374W	P46367	0
YCR098C	P25346	0
YEL042W	P32621	0
YER007W	P39937	0
YHR168W	P38860	0
YKL116C	P28708	0
YLR392C	P18634	0
YMR064W	P32493	0
Q0115	Q9ZZW7	0
YAL022C	P31381	0
YBR127C	P16140	0
YDR518W	P32474	0
YIL085C	P40504	0
YIL097W	P40492	0
YKL047W	P36090	0
YPR002W	Q12428	0
YDL159W	P06784	0
YDR256C	P15202	0
YDR323C	P32609	0
YJL013C	P47074	0
YMR285C	Q03264	0
YNR051C	P53741	0
YOR378W	Q08902	0
YCR053W	P16120	0
YHR048W	P38776	0
YMR018W	Q04364	0
YDL101C	P39009	0
YDR169C	Q12427	0
YGR123C	P53043	0
YHR137W	P38840	0
YML120C	P32340	0
YMR283C	P23796	0
YCL027W	P11710	0
YCR028C	P25621	0
YER096W	P39000	0
YGL158W	P38622	0
YGR059W	P41901	0
YDR371W	Q06350	0
YER078C	P40051	0
YFL016C	P35191	0
YJR010W	P08536	0
YJR121W	P00830	0
YMR004W	P40959	0
YFL021W	P43574	0
YFR039C	P43611	0
YMR177W	Q03218	0
YMR300C	P04046	0
YEL052W	P32317	0
YLR121C	Q12303	0
YMR020W	P50264	0
YOR231W	P32490	0
YDR111C	P52892	0
YER090W	P00899	0
YGR093W	P53255	0
YGR155W	P32582	0
YGR189C	P53301	0
YDL160C	P39517	0
YDR030C	Q12021	0
YMR169C	P54114	0
YMR170C	P47771	0
YOR347C	P52489	0
YPL140C	P32491	0
YPL181W	Q08923	0
YER064C	P40041	0
YGR229C	P32566	0
YLR015W	P43132	0
YML118W	Q03210	0
YNL241C	P11412	0
YGL035C	P27705	0
YHR159W	P38854	0
YLR197W	Q12460	0
YMR065W	Q04746	0
YMR221C	Q04991	0
YDR539W	Q03034	0
YGL017W	P16639	0
YKL175W	P34240	0
YNL283C	P53832	0
YOL068C	P53685	0
YAL058W	P27825	0
YDR522C	P08459	0
YEL070W	P0CX08	0
YLR094C	Q12418	0
YNR073C	P0CX09	0
YPL026C	Q12505	0
YDL079C	P50873	0
YGL119W	P27697	0
YJR051W	P21375	0
YMR115W	Q04472	0
YNR012W	P27515	0
YOL070C	Q08229	0
YOL119C	Q08268	0
YCL040W	P17709	0
YDR036C	P28817	0
YDR330W	Q06682	0
YDR516C	Q04409	0
YEL036C	P32629	0
YFR021W	P43601	0
YGL202W	P53090	0
YNL169C	P39006	0
YPL061W	P54115	0
YDR348C	Q05518	0
YFL018C	P09624	0
YFR010W	P43593	0
YNL142W	P41948	0
YPL017C	Q02733	0
YPL072W	Q02863	0
YBR006W	P38067	0
YFL027C	P43570	0
YJR054W	P47114	0
YJR122W	P47158	0
YOL137W	Q08280	0
YOR351C	P24719	0
YEL071W	P39976	0
YOL061W	Q12265	0
YPL100W	Q02887	0
YBR126C	Q00764	0
YEL041W	P32622	0
YDR257C	Q12504	0
YNL083W	D6W196	0
YNL223W	P53867	0
YOR269W	P39946	0
YAL010C	P18409	0
YEL016C	P39997	0
YER122C	P38682	0
YLR227C	Q05955	0
YNL119W	P53923	0
YCR024C	P25345	0
YER051W	P40034	0
YGR121C	P40260	0
YGR256W	P53319	0
YOL112W	Q12317	0
YPL097W	P48527	0
YPL219W	Q08966	0
YCR045C	P25381	0
YDL146W	Q12342	0
YGL059W	P53170	0
YIL090W	P40499	0
YLR190W	Q06324	0
YOL049W	Q08220	0
YOL062C	Q99186	0
YOR320C	Q12096	0
YPR119W	P24869	0
YBR263W	P37292	0
YBR283C	P38353	0
YDL048C	Q07351	0
YDR523C	P08458	0
YHR113W	P38821	0
YIL088C	P40501	0
YNL022C	P53972	0
YDL238C	Q07729	0
YDR402C	P21595	0
YER045C	P39970	0
YHR183W	P38720	0
YLR183C	Q06266	0
YMR140W	P40210	0
YNL053W	P38590	0
YNR045W	P07390	0
YNR069C	P53755	0
YPR138C	P53390	0
YPL254W	Q12060	0
YPL262W	P08417	0
YCR066W	P10862	0
YOR009W	Q12218	0
YBL103C	P38165	0
YBR083W	P18412	0
YDL054C	Q07376	0
YER141W	P40086	0
YGL104C	P53142	0
YGL253W	P04807	0
YNL277W	P08465	0
YOR043W	P12611	0
YPR001W	P43635	0
YFR053C	P04806	0
YDL089W	Q12066	0
YHR030C	Q00772	0
YIL131C	P40466	0
YKL211C	P00937	0
YOL030W	Q08193	0
YOR216C	Q12234	0
YPL224C	Q08970	0
YBR288C	P38153	0
YPL091W	P41921	0
YDR388W	P39743	0
YDR524C	Q04412	0
YLR394W	Q06032	0
YNL071W	P12695	0
YDR181C	Q04003	0
YDR346C	Q05515	0
YFR044C	P43616	0
YBR272C	P38348	0
YEL064C	P39981	0
YGL038C	P31755	0
YNR058W	P50277	0
YDR198C	Q03942	0
YGR255C	P53318	0
YNR001C	P00890	0
YOR298W	Q08750	0
YPL066W	Q12194	0
YLR238W	Q06001	0
YOR003W	P25036	0
YPR036W	P41807	0
YER019W	P40015	0
YLR341W	Q06134	0
YIL123W	P40472	0
YLR142W	P09368	0
YOL125W	Q12383	0
YMR044W	Q04213	0
YMR153W	Q03790	0
YPL259C	Q00776	0
YBR293W	P38358	0
YLL063C	Q12226	0
YLR288C	Q02574	0
YBR003W	P18900	0
YDR105C	Q12116	0
YGL012W	P25340	0
YGR288W	P53338	0
YIL039W	P40533	0
YKL221W	P36032	0
YLR034C	Q12078	0
YHR005C	P08539	0
YDR316W	Q06668	0
YGR019W	P17649	0
YGR108W	P24868	0
YML032C	P06778	0
YMR223W	P50102	0
YOL132W	Q08271	0
YKL178C	P06783	0
YOR198C	P38934	0
YOR334W	Q01926	0
YPR045C	Q12049	0
YPR068C	Q12214	0
YER081W	P40054	0
YIL074C	P40510	0
YJL146W	P46958	0
YLR058C	P37291	0
YPR047W	P08425	0
YBL056W	P34221	0
YBR297W	P38157	0
YDL024C	P52290	0
YGR212W	P53304	0
YHR016C	P32793	0
YML102W	Q04199	0
YPL103C	Q02883	0
YAR071W	P35842	0
YBR092C	P24031	0
YBR093C	P00635	0
YDR223W	Q04930	0
YEL040W	P32623	0
YGR141W	P53285	0
YHR215W	P38693	0
YPR157W	Q06466	0
YKL184W	P08432	0
YBR207W	P38310	0
YDR219C	Q04922	0
YGL184C	P53101	0
YHL021C	P23180	0
YHR146W	P38845	0
YPR152C	Q06525	0
YBR199W	P38131	0
YER089C	P39966	0
YMR293C	Q03557	0
YOR123C	P38439	0
YOR177C	Q08550	0
YCL048W	P25380	0
YDR148C	P19262	0
YHR018C	P04076	0
YKL143W	P34078	0
YDL036C	Q12069	0
YGR004W	P53203	0
YKL194C	P07236	0
YML005W	Q04235	0
YPL003W	Q12059	0
YPL172C	P21592	0
YDR247W	Q03785	0
YPL201C	Q08956	0
YBL098W	P38169	0
YCR005C	P08679	0
YDR004W	P25301	0
YIR027C	P32375	0
YLR210W	P24871	0
YPL139C	Q03010	0
YBL089W	P38176	0
YFR024C-A	P43603	0
YGL219C	P53083	0
YLR090W	P39102	0
YNL237W	P53584	0
YOL041C	Q08208	0
YBL082C	P38179	0
YBR118W	P02994	0
YCL069W	P25594	0
YDL233W	Q07684	0
YDR254W	P38907	0
YJL044C	P32806	0
YMR238W	Q05031	0
YOR166C	Q12104	0
YPL092W	P41930	0
YAL062W	P39708	0
YBL045C	P07256	0
YDL189W	Q05672	0
YJR062C	P40354	0
YDR363W	Q06340	0
YDR375C	P32839	0
YDR393W	Q04172	0
YGR249W	P53050	0
YOR323C	P54885	0
YPL095C	Q02891	0
YPL101W	Q02884	0
YBR162C	P38288	0
YDL091C	Q12229	0
YDR364C	P40968	0
YMR135C	P40208	0
YNL206C	P40161	0
YOL072W	Q08231	0
YDL161W	Q12518	0
YNL004W	P38922	0
YNL239W	Q01532	0
YOR375C	P07262	0
YDR125C	Q04623	0
YDR229W	Q04934	0
YDR312W	Q12153	0
YHR066W	P38789	0
YJR078W	P47125	0
YJR117W	P47154	0
YLR231C	Q05979	0
YLR431C	Q06671	0
YNL016W	P32588	0
YOR307C	P22215	0
YBR166C	P20049	0
YBR182C	P38128	0
YGL194C	P53096	0
YGL215W	P35190	0
YHL002W	P38753	0
YJL155C	P32604	0
YNL074C	P32047	0
YPL049C	Q03063	0
YBR177C	P38295	0
YKL106W	Q01802	0
YML097C	P54787	0
YBR240C	P38141	0
YGL129C	Q01163	0
YOR155C	Q99312	0
YER020W	P10823	0
YKL046C	P36091	0
YMR210W	Q03649	0
YER119C	P40074	0
YGR223C	P50079	0
YKR003W	Q02201	0
YLR300W	P23776	0
YLR443W	Q06200	0
YNL166C	P53890	0
YDR515W	Q12034	0
YKL027W	P36101	0
YOL016C	P22517	0
YOR025W	P53687	0
YFR014C	P27466	0
YHR004C	P38757	0
YHR011W	P38705	0
YNR050C	P38999	0
YPL053C	P54070	0
YPL133C	P19541	0
YBR279W	P38351	0
YFL048C	P43555	0
YGR110W	P53264	0
YML124C	P09734	0
YOR190W	P32603	0
YDR055W	Q12355	0
YDR165W	Q03774	0
YIL071C	P40512	0
YJL060W	P47039	0
YLR080W	Q12396	0
YLR303W	P06106	0
YOR047C	Q02794	0
YKL090W	P36075	0
YKR044W	P36137	0
YPR106W	Q06098	0
YCR079W	P25646	0
YDR370C	Q06349	0
YDR483W	P27809	0
YER061C	P39525	0
YFL001W	P31115	0
YML038C	Q03697	0
YMR243C	P20107	0
YBL046W	P38193	0
YDR329C	P28795	0
YMR062C	Q04728	0
YCL029C	P11709	0
YDL044C	P10849	0
YDL131W	Q12122	0
YDL216C	Q12468	0
YGL164C	P53107	0
YHR111W	P38820	0
YOL059W	P41911	0
YGR252W	Q03330	0
YLR360W	Q05919	0
YOR316C	P32798	0
YLR085C	Q12509	0
YNL280C	P32462	0
YDL133W	Q12516	0
YGR254W	P00924	0
YHR001W	P38755	0
YHR174W	P00925	0
YMR323W	P42222	0
YOR187W	P02992	0
YOR230W	Q12363	0
YOR393W	P0CX10	0
YPL281C	P0CX11	0
YPR173C	P52917	0
YBR273C	P38349	0
YIL135C	P40463	0
YLL002W	Q07794	0
YLR203C	P32335	0
YPR163C	P34167	0
YAR018C	P22209	0
YLR113W	P32485	0
YML051W	P04387	0
YMR091C	P32832	0
YOR301W	Q08760	0
YCL037C	P25567	0
YDR448W	Q02336	0
YMR034C	Q05131	0
YNL128W	P53916	0
YOR032C	Q12398	0
YOR237W	P35843	0
YPL123C	Q02933	0
YPL145C	P35844	0
YDR277C	P35198	0
YGL134W	P53124	0
YGR285C	P32527	0
YKL161C	P36005	0
YNL220W	P80210	0
YNL330C	P32561	0
YNR052C	P39008	0
YOL124C	Q12463	0
YGR149W	P48236	0
YHR176W	P38866	0
YLR387C	Q06709	0
YOR197W	Q08601	0
YDL005C	Q12124	0
YDL090C	P22007	0
YFL026W	D6VTK4	0
YHR169W	P38719	0
YBR095C	P38255	0
YDL001W	Q03441	0
YDR192C	P49686	0
YDR263C	Q12086	0
YER101C	P39945	0
YHR132C	P38836	0
YKL132C	P36001	0
YMR173W	P18899	0
YOR264W	Q08729	0
YPL168W	Q12467	0
YBL069W	P35183	0
YBR078W	P38248	0
YHR003C	P38756	0
YOR209C	P39683	0
YDL066W	P21954	0
YDL182W	P48570	0
YDR300C	P32264	0
YER143W	P40087	0
YGL196W	P53095	0
YJL139C	P26725	0
YMR133W	P32841	0
YOR274W	P07884	0
YCL011C	P25555	0
YKL181W	P32895	0
YLL010C	Q07800	0
YAR003W	P39706	0
YLL006W	P41800	0
YMR068W	Q04749	0
YBR130C	P38272	0
YIL103W	P40487	0
YKR061W	P33550	0
YNL136W	P53911	0
YGR202C	P13259	0
YGR263C	P53324	0
YLR438W	P07991	0
Q0110	P03873	0
YBL058W	P34223	0
YCL063W	P25591	0
YDR218C	Q04921	0
YDR528W	Q04429	0
YJL036W	P47057	0
YML080W	P53759	0
YOL140W	P18544	0
YOR212W	P18851	0
YOR266W	P38969	0
YBR195C	P13712	0
YJL183W	P46985	0
YLR130C	Q12436	0
YLR213C	Q05790	0
YNL253W	P53851	0
YBL091C	P38174	0
YDR255C	Q12508	0
YGL090W	P53150	0
YJR136C	P47168	0
YOL031C	Q08199	0
YDL027C	Q07349	0
YER059W	P40038	0
YER149C	P40091	0
YER178W	P16387	0
YMR204C	Q03694	0
YNL009W	P53982	0
YNL066W	P53616	0
YNL309W	P42845	0
YOL058W	P22768	0
YBR271W	P38347	0
YKL008C	P28496	0
YLR027C	P23542	0
YOR245C	Q08650	0
YAL061W	P39713	0
YCL044C	P25573	0
YDL033C	Q12093	0
YER027C	Q04739	0
YGL004C	P53196	0
YGL223C	P53079	0
YIL160C	P27796	0
YKR048C	P25293	0
YLR423C	Q06410	0
YMR021C	P35192	0
YNL304W	P48559	0
YHR115C	P38823	0
YIL033C	P07278	0
YMR067C	P54730	0
YPL202C	Q08957	0
Q0060	P03877	0
YAL042W	P39727	0
YGL208W	P34164	0
YNL248C	Q01080	0
YOL082W	P35193	0
YPL048W	P29547	0
YDR282C	Q05648	0
YDR317W	Q06674	0
YDR432W	Q01560	0
YGR159C	P27476	0
YNL323W	P42838	0
YOR196C	P32875	0
YPL188W	Q06892	0
YAL034C	P28003	0
YBR168W	P38292	0
YBR233W	P38151	0
YGL143C	P30775	0
YGL170C	P45819	0
YJL159W	P32478	0
YPL060W	Q02783	0
YDR465C	Q03305	0
YKL081W	P36008	0
YLL057C	Q12358	0
YLR174W	P41939	0
YOL083W	Q12292	0
YOR051C	Q08421	0
YOR201C	P25270	0
YDL128W	Q99385	0
YDR153C	Q03769	0
YHL003C	P38703	0
YML074C	P38911	0
YOR042W	Q08412	0
YOR303W	P07258	0
YPR118W	Q06489	0
YBR036C	P35206	0
YGR142W	P53286	0
YGR193C	P16451	0
YDR289C	Q05543	0
YDR423C	P24813	0
YJL046W	P47051	0
YJL134W	P47013	0
YNL064C	P25491	0
YOR134W	Q12128	0
YER044C-A	P29467	0
YJL059W	P47040	0
YJR125C	P47160	0
YLR380W	Q06705	0
YDL104C	P43122	0
YIL119C	P23250	0
YKL219W	P36034	0
YNL078W	P53939	0
YDR076W	P38953	0
YKR092C	P32583	0
YOL054W	Q12161	0
YAL013W	P31385	0
YCL028W	P25367	0
YHL014C	P38746	0
YKL149C	P24309	0
YMR010W	Q03687	0
YPL154C	P07267	0
YBR205W	P38130	0
YER145C	P40088	0
YGR169C	P53294	0
YHL020C	P21957	0
YKR053C	P23501	0
YLR107W	Q12090	0
YPR201W	Q06598	0
YML048W	Q04697	0
YNL051W	P53951	0
YNL175C	P53883	0
YNL292W	P48567	0
YER154W	P39952	0
YBL013W	P32785	0
YEL056W	P39984	0
YLR328W	Q06178	0
YNL254C	P53850	0
YOR368W	P48581	0
YPR023C	Q12432	0
YDR019C	P48015	0
YER095W	P25454	0
YGL243W	P53065	0
YHR075C	P38796	0
YHR179W	Q03558	0
YPL171C	P41816	0
YAL015C	P31378	0
YGR234W	P39676	0
YMR026C	Q04370	0
Q0140	P02381	0
YEL037C	P32628	0
YHL022C	P23179	0
YBR042C	P38226	0
YGL025C	P40356	0
YGL213C	Q02793	0
YHR201C	P38698	0
YLR019W	Q07949	0
YMR017W	Q04359	0
YOL018C	Q08144	0
YOL136C	Q12471	0
YGL181W	P40956	0
YJL048C	P47049	0
YJR075W	P47124	0
YNL042W	P53958	0
YOL052C	P21182	0
YDR005C	P41910	0
YGR010W	P53204	0
YJL138C	P10081	0
YLR226W	Q05949	0
YLR453C	Q06208	0
YOL053W	Q08223	0
YOR184W	P33330	0
YPL050C	P39107	0
YAL012W	P31373	0
YBR025C	P38219	0
YER028C	P39943	0
YGR187C	P48362	0
YHL004W	P32902	0
YIL042C	P40530	0
YJR080C	P47127	0
YLR099C	Q12385	0
YPL112C	Q02969	0
YBR125C	P38089	0
YBR267W	P38344	0
YDL204W	Q12443	0
YDR245W	P50108	0
YEL050C	P32611	0
YGR012W	P53206	0
YHR208W	P38891	0
YIL136W	P16547	0
YIL153W	P40454	0
YJR032W	P47103	0
YLR418C	Q06697	0
YNL130C	P17898	0
YOR099W	P27810	0
YDR083W	P38961	0
YKL080W	P31412	0
YLR082C	Q12020	0
YLR449W	Q06205	0
YML062C	P33441	0
YCR094W	P25656	0
YDL022W	Q00055	0
YER048C	P39101	0
YHR123W	P22140	0
YPL230W	Q12132	0
YDL237W	Q07716	0
YMR024W	P36516	0
YDR197W	P14905	0
YGR112W	P53266	0
YMR305C	Q04951	0
YPR054W	P41808	0
YBR246W	P38332	0
YDR161W	Q03771	0
YEL046C	P37303	0
YGL246C	P53063	0
YGR072W	P48412	0
YLR244C	Q01662	0
YOR084W	Q12405	0
YDL168W	P32771	0
YGR279C	P53334	0
YLR191W	P80667	0
YNL001W	P33309	0
Q0105	P00163	0
YCL008C	P25604	0
YDR532C	Q04431	0
YFL030W	P43567	0
YHR017W	P32792	0
YIL116W	P07172	0
YLL022C	Q12373	0
YML027W	P34161	0
YDR502C	P19358	0
YGL067W	P53164	0
YHR129C	P38696	0
YMR272C	Q03529	0
YNR015W	P53720	0
YOL065C	Q08227	0
YDL248W	Q07788	0
YDR259C	Q03935	0
YDR309C	Q06648	0
YJL108C	P42946	0
YJR161C	P47187	0
YML008C	P25087	0
YOL044W	Q08215	0
YAL060W	P39714	0
YGL209W	P53035	0
YGL256W	P10127	0
YJL147C	P47007	0
YKL113C	P26793	0
YLR180W	P10659	0
YOL116W	P22148	0
YPL057C	P33300	0
YBL032W	P38199	0
YDR321W	P38986	0
YGR295C	P53344	0
YHL048W	P38723	0
YLL039C	P0CG63	0
YNL336W	P53822	0
YPL193W	Q08932	0
YPR079W	Q06815	0
YPR140W	Q06510	0
YBR026C	P38071	0
YCL016C	P25559	0
YDR354W	P07285	0
YGL126W	P53012	0
YGL263W	P53053	0
YGR109C	P32943	0
YJL137C	P47011	0
YOL043C	Q08214	0
YBR302C	P0CX12	0
YDR268W	P04803	0
YFL062W	P43542	0
YHR063C	P38787	0
YJL053W	P40335	0
YML132W	P0CX13	0
YNL230C	P53861	0
YNR074C	P52923	0
YOL003C	Q12006	0
YOR008C	P54867	0
YDL188C	P23595	0
YIL110W	P40481	0
YMR214W	P25303	0
YOL126C	P22133	0
YBR161W	P38287	0
YGL105W	P46672	0
YGL148W	P28777	0
YGL255W	P32804	0
YHR052W	P38779	0
YJR148W	P47176	0
YLR332W	P36027	0
YML060W	P53397	0
YMR030W	Q05043	0
YNL331C	P42884	0
YOR193W	Q08580	0
YOR388C	Q08911	0
YBR204C	P38139	0
YDR142C	P39108	0
YDR171W	Q12329	0
YGR286C	P32451	0
YMR083W	P07246	0
YNL307C	P21965	0
YOL128C	Q12222	0
YOR390W	Q08913	0
YPL279C	Q08991	0
YDR459C	Q03289	0
YMR289W	Q03266	0
YNR075W	P52924	0
YPL001W	Q12341	0
YIL006W	P40556	0
YIR034C	P38998	0
YMR191W	P42933	0
YMR276W	P48510	0
YMR294W	P36224	0
YNL288W	P53829	0
YPL165C	Q12529	0
YDR517W	Q04410	0
YIL035C	P15790	0
YNR041C	P32378	0
YIL094C	P40495	0
YLR216C	P53691	0
YMR201C	P28519	0
YNL005C	P12687	0
YOR242C	Q08646	0
YBR249C	P32449	0
YDR035W	P14843	0
YDR191W	P53688	0
YDR438W	Q04083	0
YGL063W	P53167	0
YKR076W	P36156	0
YMR139W	P38615	0
YAL036C	P39729	0
YDL134C	P23594	0
YGL248W	P22434	0
YGR052W	P53233	0
YLR224W	Q05947	0
YML066C	Q04658	0
YOR136W	P28241	0
YPL018W	Q02732	0
YDR318W	Q06675	0
YGR040W	P14681	0
YGR173W	P53295	0
YIR025W	P40577	0
YMR166C	Q03829	0
YNR032W	P32838	0
YPR065W	P25042	0
YPR191W	P07257	0
YDR322W	Q06678	0
YER118C	P40073	0
YKL114C	P22936	0
YLR137W	Q12367	0
YLR405W	Q06063	0
YMR097C	Q03151	0
YBR018C	P08431	0
YBR057C	P38236	0
YBR221C	P32473	0
YGR257C	P53320	0
YKL043W	P36093	0
YMR251W	Q04806	0
YNL080C	P53938	0
YNL173C	P53885	0
YOR037W	P38909	0
YDR065W	Q12167	0
YDR158W	P13663	0
YDR273W	Q05610	0
YER107C	P40066	0
YKR042W	P36135	0
YLR056W	P32353	0
YLR063W	Q12291	0
YMR152W	P28625	0
YBR065C	P38241	0
YCL018W	P04173	0
YIR026C	Q02256	0
YLR420W	P20051	0
YPL236C	Q12003	0
YCR019W	P23060	0
YCR107W	P25612	0
YIR021W	P07266	0
YKR077W	P36157	0
YOL042W	Q08213	0
YPL096W	Q02890	0
YBR031W	P10664	0
YBR105C	P38263	0
YCR095C	P25366	0
YDR012W	P49626	0
YDR414C	P16151	0
YGR028W	P28737	0
YLR155C	P0CZ17	0
YLR157C	P0CX77	0
YLR158C	P0CX78	0
YLR160C	P0CX79	0
YCR105W	P25377	0
YDR494W	Q03430	0
YFR046C	P43618	0
YJR153W	P47180	0
YKR066C	P00431	0
YCL064C	P25379	0
YIL079C	P40507	0
YJR094C	P21190	0
YMR318C	Q04894	0
YNL037C	P28834	0
YOR221C	Q12283	0
YPR075C	Q06810	0
YGL211W	P53088	0
YJR139C	P31116	0
YLR246W	Q06551	0
YML021C	P12887	0
YJR147W	P47175	0
YPL152W	Q12461	0
YCR044C	P25625	0
YDL246C	Q07786	0
YHR002W	P38702	0
YHR025W	P17423	0
YJR159W	P35497	0
YKL098W	P34246	0
YNL187W	P53873	0
YNL191W	P53871	0
YOL064C	P32179	0
YPL015C	P53686	0
YGR154C	P48239	0
YJL131C	P47015	0
YLR070C	Q07993	0
YOL047C	Q08218	0
YDR173C	P07250	0
YKR100C	P36169	0
Q0075	Q9ZZX0	0
YBR076W	P38246	0
YCL034W	P25369	0
YDL100C	Q12154	0
YNL160W	P38616	0
YNL229C	P23202	0
YOR049C	Q08417	0
YBL016W	P16892	0
YDL115C	Q07532	0
YDR451C	Q04116	0
YFR007W	P43591	0
YKL011C	Q03702	0
YKL051W	P35735	0
YOR173W	Q12123	0
YPL138C	Q03012	0
YDL226C	P35197	0
YML047C	Q04705	0
YML067C	Q04651	0
YOL104C	Q12366	0
YBR145W	P38113	0
YDL107W	P40990	0
YDR202C	Q03956	0
YIL122W	P40473	0
YJR060W	P17106	0
YNL164C	P53892	0
YNL231C	P53860	0
YDR214W	Q12449	0
YDR279W	Q05635	0
YJR043C	P47110	0
YLR270W	Q06151	0
YNL264C	P53844	0
YNL274C	P53839	0
YOR085W	P48439	0
YDR297W	P38992	0
YGL100W	P53011	0
YJR019C	P41903	0
YNL084C	P39013	0
YPR129W	P45978	0
YBR034C	P38074	0
YLR377C	P09201	0
YMR234W	Q04740	0
YMR303C	P00331	0
YOL086C	P00330	0
YBR159W	P38286	0
YDR439W	Q04087	0
YGL157W	P53111	0
YJL023C	P47065	0
YNL141W	P53909	0
YOR262W	Q08726	0
YCL032W	P25344	0
YGR101W	P53259	0
YIL023C	P40544	0
YOR007C	Q12118	0
YOR315W	Q12507	0
YBL033C	P38066	0
YDR372C	Q06385	0
YGL175C	P46946	0
YGR165W	P53292	0
YGR180C	P49723	0
YKR087C	P36163	0
YLR447C	P32366	0
YOR091W	Q12000	0
YBR054W	P38079	0
YBR128C	P38270	0
YBR149W	P38115	0
YDL175C	Q12476	0
YHR034C	P38768	0
YPL118W	Q02950	0
YPR004C	Q12480	0
YDL078C	P32419	0
YHR076W	P38797	0
YIR029W	P25335	0
YMR101C	Q03175	0
YDL065C	Q07418	0
YEL004W	P40004	0
YGR031W	P53219	0
YHR106W	P38816	0
YLR265C	Q06148	0
YMR126C	Q04216	0
YMR144W	P40214	0
YOL048C	Q08219	0
YOL151W	Q12068	0
YDL099W	Q12191	0
YDR411C	Q12743	0
YGL153W	P53112	0
YGR163W	P53290	0
YKL164C	Q03178	0
YMR228W	P14908	0
YOL007C	Q08054	0
YOR026W	P26449	0
YPL004C	Q12230	0
YPR057W	Q99177	0
YDL244W	Q07748	0
YDR400W	Q04179	0
YFL058W	P43534	0
YFR055W	P43623	0
YHR156C	P38852	0
YJR105W	P47143	0
YJR156C	P47183	0
YLR151C	Q12524	0
YNL332W	P42883	0
YGR084C	P12686	0
YGR086C	P53252	0
YJR129C	P47163	0
YKL093W	P23493	0
YOR061W	P19454	0
YPL244C	Q12520	0
YBL031W	P38200	0
YBR050C	P38232	0
YDR077W	Q01589	0
YJL088W	P05150	0
YJR008W	P47085	0
YMR081C	P32488	0
YMR127C	P40963	0
YOR313C	P09937	0
YBR141C	P38278	0
YDR265W	Q05568	0
YDR392W	P06844	0
YEL017W	P39996	0
YJL116C	P46955	0
YKL151C	P36059	0
YKR088C	P36164	0
YLR017W	Q07938	0
YDR126W	Q04629	0
YIL096C	P40493	0
YMR316W	P54005	0
YNL326C	P42836	0
YCL055W	P25583	0
YDL230W	P25044	0
YDR204W	O13525	0
YEL006W	P39953	0
YFR025C	P38635	0
YGR058W	P53238	0
YLR354C	P15019	0
YMR041C	Q04212	0
YPL069C	Q12051	0
YPL215W	P21560	0
YBR046C	P38230	0
YDR051C	Q99288	0
YER179W	P25453	0
YKL085W	P17505	0
YML107C	Q03760	0
YNL316C	P32452	0
YPL227C	P40350	0
YAL020C	P31386	0
YCR036W	P25332	0
YER161C	P06843	0
YGR043C	P53228	0
YPL111W	P00812	0
YCR021C	P25619	0
YGR080W	P53250	0
YGR192C	P00359	0
YHL025W	P18888	0
YJL052W	P00360	0
YJR009C	P00358	0
YML019W	Q03723	0
YPL055C	Q02796	0
YNL180C	P53879	0
YHL009C	P38749	0
YLR181C	Q06263	0
YNL097C	P50947	0
YOR246C	Q08651	0
YBR104W	P38087	0
YDL243C	Q07747	0
YJL208C	P08466	0
YKR013W	P36110	0
YOR142W	P53598	0
YBR129C	P38271	0
YDL037C	Q12140	0
YDR435C	Q04081	0
YJR107W	P47145	0
YLR239C	Q06005	0
YPR128C	Q06497	0
YHR104W	P38715	0
YIL084C	P40505	0
YJR100C	P47140	0
YMR060C	P50110	0
YOR100C	Q12289	0
YBL068W	P38063	0
YDR058C	P54857	0
YGR144W	P32318	0
YHR139C	P13130	0
YIL041W	P40531	0
YKL218C	P36007	0
YLR426W	Q06417	0
YML004C	P50107	0
YAL018C	P31379	0
YDR530C	P22108	0
YHR143W	P38844	0
YJL180C	P22135	0
YJR070C	P47120	0
YKL163W	Q03180	0
YPL273W	Q08985	0
YKL120W	P32332	0
YLL062C	Q12525	0
YDR480W	Q03373	0
YGR007W	P33412	0
YJL006C	P46962	0
YNL025C	P47821	0
YCR002C	P25342	0
YGL115W	P12904	0
YNL098C	P01120	0
YNL284C	P36520	0
YOL073C	Q08232	0
YBR290W	P38356	0
YCL050C	P16550	0
YDR347W	P10662	0
YER037W	P40025	0
YHR195W	P38881	0
YHR198C	P38884	0
YLR242C	Q06541	0
YNR034W	P50278	0
YPL206C	Q08959	0
YDR033W	Q12117	0
YGL136C	P53123	0
YHL011C	P38689	0
YKR080W	Q02046	0
YMR180C	Q03220	0
YNL215W	P40154	0
YDR175C	Q03976	0
YLR439W	P36517	0
YMR116C	P38011	0
YCR069W	P25334	0
YER099C	P38620	0
YIL117C	P40476	0
YNL315C	P32453	0
YOR158W	P17558	0
YOR288C	Q12404	0
YCR015C	P25616	0
YDR352W	Q06328	0
YGR213C	P53047	0
YLR205C	P32339	0
YMR048W	Q04659	0
YNR027W	P53727	0
YOL002C	Q12442	0
YPL087W	Q02896	0
YPR013C	Q12145	0
YBR151W	P38281	0
YBR183W	P38298	0
YDR492W	Q03419	0
YGL212W	P32912	0
YGR062C	P53239	0
YHR142W	P38843	0
YBR175W	P38123	0
YCR073W-A	P37262	0
YMR274C	Q03530	0
YPL157W	Q12052	0
YDR336W	Q05473	0
YGR096W	P53257	0
YHR061C	P38785	0
YJL133W	P10566	0
YJR021C	P21651	0
YKL216W	P28272	0
YMR241W	Q04013	0
YNL063W	P53944	0
YGR282C	P15703	0
YKL094W	P28321	0
YKL110C	P34253	0
YNL322C	P17260	0
YOR006C	Q12094	0
YOR079C	Q12067	0
YBR176W	P38122	0
YDL236W	P19881	0
YDR368W	Q12458	0
YEL029C	P39988	0
YFR034C	P07270	0
YHR144C	P06773	0
YLR308W	Q06703	0
YML087C	Q04516	0
YMR299C	Q04949	0
YOL096C	P27680	0
YOL101C	Q99393	0
YOR120W	P14065	0
YOR164C	Q12125	0
YBR039W	P38077	0
YDL021W	Q12008	0
YDL047W	P20604	0
YGL146C	P53117	0
YIL134W	P40464	0
YJL117W	P46956	0
YJR077C	P23641	0
YLR209C	Q05788	0
YML050W	Q04689	0
YBR061C	P38238	0
YDR068W	P54858	0
YGL161C	P53108	0
YGR231C	P50085	0
YGR284C	P53337	0
YHR199C	P38885	0
YJL196C	P39540	0
YML121W	Q00582	0
YMR267W	P28239	0
YNR007C	P40344	0
YOR279C	Q12192	0
YPL134C	Q03028	0
YCL009C	P25605	0
YDL222C	Q07651	0
YGL043W	P07273	0
YGR208W	P42941	0
YHR187W	P38874	0
YIL145C	P40459	0
YJR083C	P47129	0
YMR056C	P04710	0
YNL177C	P53881	0
YOR065W	P07143	0
YOR101W	P01119	0
YOR107W	Q99188	0
YDL127W	P25693	0
YDR075W	P32345	0
YNR028W	P53728	0
YOL092W	Q12010	0
YBR085W	P18238	0
YBR251W	P33759	0
YDL119C	Q07534	0
YGR104C	P32585	0
YHL013C	P38747	0
YJL126W	P47016	0
YML110C	P49017	0
YNL072W	P53942	0
YOR222W	Q99297	0
YPR058W	P32331	0
YAR015W	P27616	0
YDR374C	Q06390	0
YKL183W	P34234	0
YMR055C	P26448	0
YPL177C	P41817	0
YKR026C	P14741	0
YPL031C	P17157	0
YPR192W	P0CD91	0
YBR228W	P38324	0
YDL179W	Q12477	0
YKR052C	P23500	0
YOR251C	Q08686	0
YPL186C	Q08926	0
YBR231C	P38326	0
YDL052C	P33333	0
YER185W	P40100	0
YOL056W	Q12326	0
YDR446W	Q04110	0
YKL150W	P36060	0
YML052W	P54003	0
YOR228C	Q12106	0
YFL044C	P43558	0
YLR307W	Q06702	0
YPL054W	Q02799	0
YPL064C	Q02770	0
YPR061C	Q12350	0
YDL198C	P38988	0
YER053C	P40035	0
YGR044C	P32338	0
YLR146C	Q12455	0
YLR172C	P32469	0
YNL204C	P32572	0
YOR287C	Q12481	0
YPL132W	P19516	0
YBR291C	P38152	0
YER175C	P32643	0
YGL162W	P53032	0
YGL254W	P32805	0
YJL079C	P47032	0
YLR018C	Q12445	0
YNL156C	P53898	0
YPR066W	Q99344	0
YAR031W	P39551	0
YBR040W	P38224	0
YBR119W	P32605	0
YFL059W	P43545	0
YIL044C	P40529	0
YJR150C	P47178	0
YLR348C	Q06143	0
YNL196C	P40167	0
YNL265C	P53843	0
YNL333W	P53824	0
YER055C	P00498	0
YIL124W	P40471	0
YMR096W	Q03148	0
YNL305C	P48558	0
YPL173W	P36534	0
YBR147W	P38279	0
YER142C	P22134	0
YIL076W	P40509	0
YML112W	P46963	0
YBR037C	P23833	0
YDL173W	Q12515	0
YFR041C	P43613	0
YFR047C	P43619	0
YHR046C	P38710	0
YKL128C	P36069	0
YMR025W	Q04368	0
YMR183C	P39926	0
YOR028C	P40917	0
YOR083W	Q12416	0
YDL076C	Q07458	0
YDR184C	Q04005	0
YHL034C	P10080	0
YHR029C	P38765	0
YJL145W	P47008	0
YPL149W	Q12380	0
YPR005C	Q01766	0
YPR199C	Q06596	0
YGR222W	P10834	0
YJL185C	P46983	0
YLR091W	Q12393	0
YOL001W	P20052	0
YOL093W	Q12400	0
YPR069C	Q12074	0
YDR237W	P36519	0
YDR287W	Q05533	0
YJR088C	P47133	0
YMR039C	P54000	0
YNL202W	P32573	0
YOR130C	Q12375	0
YOR223W	Q12015	0
YPL052W	Q02803	0
YDR130C	Q03898	0
YHR133C	P38837	0
YHR209W	P38892	0
YKR055W	Q00246	0
YLR003C	Q07897	0
YLR351C	P49954	0
YOR344C	P33122	0
YBR101C	P38260	0
YGR205W	P42938	0
YLR132C	Q12208	0
YOR311C	Q12382	0
YPL232W	P32867	0
YDR284C	Q05521	0
YFL028C	P43569	0
YFR032C	P43607	0
YGL232W	P53072	0
YNL159C	P53895	0
YOL080C	Q08237	0
YGL221C	P53081	0
YGR239C	P50091	0
YJR155W	P47182	0
YOR036W	P32854	0
YPR093C	Q06834	0
YGL057C	P53171	0
YGR132C	P40961	0
YIL034C	P13517	0
YJL160C	P46999	0
YDL201W	Q12009	0
YDR313C	Q06651	0
YDR337W	P21771	0
YDR116C	Q04599	0
YER083C	P40056	0
YIL050W	P40186	0
YLR136C	P47977	0
YMR069W	Q04751	0
YNL286W	P53830	0
YOR040W	Q12320	0
YDR106W	Q04549	0
YIL043C	P38626	0
YLR079W	P38634	0
YNL003C	P38921	0
YPL156C	Q12498	0
YCR010C	P25613	0
YDL142C	Q07560	0
YHR160C	P38855	0
YJR111C	P47148	0
YKR046C	P36139	0
YNL055C	P04840	0
YEL005C	P40003	0
YHR012W	P38759	0
YHR090C	P38806	0
YNR002C	P32907	0
YOR104W	Q12057	0
YDL006W	P35182	0
YDR315C	Q06667	0
YEL009C	P03069	0
YIL114C	P40478	0
YNL032W	P53965	0
YNL252C	P36528	0
YPL033C	Q03085	0
YBR187W	P38301	0
YGL224C	P53078	0
YHR067W	P38790	0
YLR284C	Q05871	0
YML041C	Q03433	0
YEL018W	P39995	0
YGL005C	P53195	0
YJL115W	P32447	0
YJR116W	P47153	0
YLL023C	Q12164	0
YLR393W	P18496	0
YML014W	P49957	0
YNL289W	P24867	0
YBR146W	P38120	0
YBR185C	P38300	0
YGL019W	P43639	0
YHR192W	P38878	0
YKL055C	P35731	0
YOR255W	Q08692	0
YBR165W	P38290	0
YLR290C	Q05892	0
YOL088C	Q99316	0
YPR116W	Q06109	0
YER026C	P08456	0
YGL096W	P53147	0
YLR199C	Q05778	0
YCR047C	P25627	0
YDL051W	P33399	0
YDR384C	Q12359	0
YBR213W	P15807	0
YDR272W	Q05584	0
YDR503C	Q04396	0
YER116C	P40072	0
YGL085W	P53153	0
YKR060W	P36144	0
YLR412W	Q06688	0
YNL155W	P53899	0
YOR145C	Q99216	0
YDR099W	P34730	0
YGL050W	P53177	0
YKR030W	P36125	0
YLR064W	Q12144	0
YLR150W	P39015	0
YMR312W	Q04868	0
YPL196W	Q08952	0
YGL154C	P50113	0
YGR152C	P13856	0
YLR243W	Q06543	0
YJL178C	P46989	0
YJL210W	P32800	0
YKL208W	P36038	0
YKR043C	P36136	0
YOL009C	Q92328	0
YOR180C	Q08558	0
YBL095W	P38172	0
YNL210W	P16523	0
YNR020C	P53722	0
Q0275	P00420	0
YAL039C	P06182	0
YGR220C	P31334	0
YHR134W	P38838	0
YIL011W	P40552	0
YJR144W	P32787	0
YKR034W	P26343	0
YLR128W	Q12395	0
YDL049C	P50112	0
YHR200W	P38886	0
YKL007W	P28495	0
YOR115C	Q99394	0
YPL241C	P46670	0
YPR009W	Q12286	0
YPR134W	P08593	0
YEL021W	P03962	0
YER177W	P29311	0
YER180C	P32645	0
YKL206C	P36040	0
YGL174W	P46947	0
YIL070C	P40513	0
YJR101W	P47141	0
YLL041C	P21801	0
YOR280C	Q99369	0
YCR009C	P25343	0
YDR152W	Q03768	0
YGL237C	P06774	0
YGR106C	P53262	0
YLR102C	Q12107	0
YLR192C	Q05775	0
YOR220W	Q12044	0
YIL093C	P40496	0
YKR006C	Q02204	0
YLR329W	Q02721	0
YNL246W	P53853	0
YDR405W	P32387	0
YGR161C	P53289	0
YIR036C	P40580	0
YLR414C	Q06991	0
YPL246C	Q12270	0
YAL027W	P39735	0
YBL064C	P34227	0
YDR428C	Q04066	0
YGR207C	P42940	0
YGR262C	P53323	0
YHR167W	O13539	0
YHR203C	P0CX36	0
YIL020C	P40545	0
YJR145C	P0CX35	0
YLR285W	Q05874	0
YPR167C	P18408	0
YCR075C	P17261	0
YLR201C	Q05779	0
YPL163C	Q12254	0
Q0085	P00854	0
YAL009W	P18410	0
YCL010C	P25554	0
YNL168C	P53889	0
YCL047C	P25576	0
YCR059C	P25637	0
YGR135W	P23638	0
YMR193W	P36525	0
YOR039W	P38930	0
YPL127C	P53551	0
YBL043W	P38195	0
YIL064W	P40516	0
YOR060C	Q08457	0
YCL005W	P25587	0
YEL051W	P32610	0
YHL033C	P17076	0
YKL040C	P32860	0
YLL045C	P29453	0
YOR152C	Q99325	0
YPR060C	P32178	0
YAL014C	P31377	0
YBR157C	P38284	0
YGR248W	P53315	0
YLR441C	P33442	0
YML063W	P23248	0
YMR157C	Q03798	0
YNL314W	P21705	0
YER011W	P10863	0
YER153C	P10355	0
YFR031C-A	P0CX45	0
YIL018W	P0CX46	0
YLR165C	Q06244	0
YLR194C	Q05777	0
YNL148C	P53904	0
YIL049W	P40526	0
YLR093C	Q12255	0
YLR312W-A	P36523	0
YPL159C	Q99373	0
YGR214W	P32905	0
YJL066C	P40364	0
YLR048W	P46654	0
YPR158W	Q06469	0
Q0250	P00410	0
YGR006W	P33411	0
YOR010C	P33890	0
YCR076C	P25659	0
YDR098C	Q03835	0
YER100W	P33296	0
YGL240W	P53068	0
YIR001C	P40561	0
YLL027W	Q07821	0
YLR052W	Q12345	0
YDL202W	P36521	0
YER039C	P0CE11	0
YHR163W	P38858	0
YLL046C	P32385	0
YMR038C	P40202	0
YNR009W	P53718	0
YOL154W	Q12512	0
YGR001C	P53200	0
YML113W	P13483	0
YOR213C	Q99314	0
YCR004C	P25349	0
YJR113C	P47150	0
YLL038C	Q07872	0
YAL049C	P39721	0
YDR174W	Q03973	0
YHR043C	P38773	0
YHR044C	P38774	0
YKL130C	P36068	0
YKR091W	P36167	0
YNL024C	P53970	0
YNL200C	P40165	0
YOL032W	Q08202	0
YBR107C	P38265	0
YIL139C	P38927	0
YIR018W	P40574	0
YOL028C	Q08182	0
YPL027W	Q02651	0
YER120W	P40075	0
YER174C	P32642	0
YER182W	P40098	0
YGL076C	P05737	0
YIR030C	P32460	0
YJR024C	P47095	0
YLR301W	Q05905	0
YPL078C	P05626	0
YPL129W	P35189	0
YPL198W	Q12213	0
YHR049W	P38777	0
YOR284W	Q12134	0
YDR538W	P33751	0
YGR057C	P53237	0
YLR376C	Q12318	0
YOR305W	Q08774	0
YOR358W	Q02516	0
YPL065W	Q02767	0
YGL250W	P53060	0
YGR136W	P53281	0
YLR411W	Q06686	0
YPL024W	Q02685	0
YLR025W	P39929	0
YNL129W	P53915	0
YOL142W	Q08285	0
YDR410C	P32584	0
YGR033C	P53220	0
YGR036C	P53223	0
YGR247W	P53314	0
YJR135C	P47167	0
YKL096W	P28319	0
YMR063W	Q04734	0
YDL059C	Q12223	0
YDR383C	Q12493	0
YFL031W	P41546	0
YHR013C	P07347	0
YJL063C	P22353	0
YJL121C	P46969	0
YLR390W-A	O13547	0
YMR156C	Q03796	0
YNL099C	P50946	0
YOR126C	P41734	0
YPL213W	Q08963	0
YDR533C	Q04432	0
YFR043C	P43615	0
YGL053W	P53174	0
YHR185C	P38872	0
YMR188C	Q03246	0
YMR322C	Q04902	0
YNR057C	P53630	0
YOL110W	P41912	0
YOR391C	Q08914	0
YPL280W	Q08992	0
YBR181C	P0CX38	0
YDR162C	Q12163	0
YJR099W	P35127	0
YKL009W	P33201	0
YOL147C	Q12462	0
YPL090C	P0CX37	0
Q0160	P03882	0
YAR027W	P39547	0
YDR275W	Q05611	0
YGL020C	P53192	0
YGL198W	P53093	0
YJR050W	P21374	0
YAR033W	P39552	0
YGL051W	P53176	0
YIR038C	P40582	0
YJL192C	P39543	0
YKR014C	P36018	0
YLR250W	P39931	0
YGR167W	P17891	0
YGR271C-A	Q3E705	0
YHR008C	P00447	0
YJL148W	P47006	0
YLL060C	Q12390	0
YOR125C	P41735	0
YOR332W	P22203	0
YPL002C	Q12483	0
YBL038W	P38064	0
YBR261C	P38340	0
YDR020C	Q12084	0
YER163C	P32656	0
YFR020W	P43600	0
YKL002W	P36108	0
YBR111C	Q01976	0
YDL010W	Q12438	0
YDR043C	Q03125	0
YEL072W	P39975	0
YER002W	P40007	0
YER004W	P40008	0
YDR183W	Q04004	0
YHR038W	P38771	0
YLL033W	Q07843	0
YLR168C	P35200	0
YDL069C	P14066	0
YDR486C	Q03390	0
YHR071W	P38794	0
YMR311C	P41818	0
YBR035C	P38075	0
YGR232W	P50086	0
YHR181W	P38869	0
YOR295W	Q08747	0
YEL038W	P32626	0
YJL158C	P47001	0
YMR271C	P30402	0
YDR296W	Q06630	0
YER139C	P40084	0
YLR211C	Q05789	0
YML106W	P13298	0
YMR233W	Q05024	0
YNL107W	P53930	0
YDL018C	Q12403	0
YDL213C	Q07623	0
YDR304C	P35176	0
YEL001C	P40006	0
YER170W	P26364	0
YFL061W	P0CH63	0
YNL335W	P0CH64	0
YDR007W	P00912	0
YDR067C	Q12454	0
YJL037W	P47056	0
YKL041W	P36095	0
YKL087C	Q00873	0
YLR040C	Q07988	0
YMR095C	Q03144	0
YMR161W	P48353	0
YNR018W	P53721	0
YDL169C	P32772	0
YDR078C	P38957	0
YER031C	P38555	0
YHL031C	P38736	0
YMR222C	Q05015	0
YPL130W	Q03029	0
YDR226W	P07170	0
YFL060C	P43544	0
YGL210W	P51996	0
YGR038W	P53224	0
YMR202W	P32352	0
YNL334C	P53823	0
YPL121C	P32489	0
YCR018C	P09007	0
YDR140W	Q03920	0
YDR399W	Q04178	0
YFR008W	P43592	0
YJL140W	P20433	0
YMR077C	Q04272	0
YNL036W	P53615	0
YBL093C	P25046	0
YBR066C	P38082	0
YIL007C	P40555	0
YLR221C	Q05942	0
YNL093W	P36019	0
YOR185C	P32836	0
YOR202W	P06633	0
YAR002C-A	Q05359	0
YGL183C	P53102	0
YJL038C	P47055	0
YKL142W	P35719	0
YLR178C	P14306	0
YLR293C	P32835	0
YOR064C	Q08465	0
YEL012W	P28263	0
YER063W	P40040	0
YGL079W	P53158	0
YJR074W	P47123	0
YLR363C	Q12129	0
YDR305C	P49775	0
YGL135W	P0CX44	0
YOR258W	Q08702	0
YPL220W	P0CX43	0
YGL002W	P53198	0
YGL037C	P53184	0
YHR128W	P18562	0
YKL117W	P28707	0
YLR350W	Q06144	0
YAL007C	P39704	0
YCR020C	P25362	0
YEL024W	P08067	0
YGR129W	P53277	0
YIL010W	P40553	0
YKL119C	P32341	0
YLR262C	Q99260	0
YPR154W	Q06449	0
YBR072W	P15992	0
YDR408C	P04161	0
YGL033W	P53187	0
YHR105W	P38815	0
YHR147C	P32904	0
YLR268W	P22214	0
YNL213C	P40156	0
YOR078W	Q08492	0
YBR005W	P38212	0
YHR026W	P23968	0
YIL132C	P40465	0
YLR119W	Q99176	0
YOR021C	Q12314	0
YPL166W	Q12092	0
YAL059W	P39715	0
YDR298C	P09457	0
YHR110W	P38819	0
YOL111C	Q12285	0
YBR201W	P38307	0
YER183C	P40099	0
YFL010C	P43582	0
YGR146C	P48235	0
YKL159C	P36054	0
YML012W	P54837	0
YMR182C	Q00453	0
YMR269W	Q03525	0
YBR052C	P38234	0
YBR067C	P27654	0
YDR003W	Q03446	0
YGR081C	P53251	0
YHR041C	P34162	0
YML095C	P06838	0
YNR049C	P53604	0
YOR089C	P36017	0
YOR247W	Q08673	0
YCR027C	P25378	0
YIL113W	P40479	0
YJL170C	P46993	0
YJR133W	P47165	0
YPL267W	Q08981	0
YBL057C	P34222	0
YML001W	P32939	0
YMR132C	P40206	0
YPL178W	Q08920	0
YFL046W	P43557	0
YOL008W	Q08058	0
YOR016C	Q12450	0
YPL041C	Q03079	0
YBR171W	P33754	0
YGL258W	P53058	0
YIL127C	P40470	0
YJR073C	P05375	0
YKL065C	P35723	0
YPR151C	Q06524	0
YDR056C	Q12025	0
YHR057C	P23285	0
YHR089C	P28007	0
YLR435W	Q06672	0
YFR001W	P43586	0
YIL158W	P40451	0
YKR035W-A	P69771	0
YLR016C	Q07930	0
YMR052W	P46671	0
YMR121C	P54780	0
YOR383C	Q08907	0
YBR014C	P38068	0
YDL002C	Q03435	0
YDL072C	Q07451	0
YER128W	P40080	0
YGL200C	P32803	0
YJL004C	P41544	0
YJR118C	P47155	0
YKL214C	P36036	0
YMR264W	P38428	0
YDL135C	Q12434	0
YFR012W	P43595	0
YJR102C	P47142	0
YKL001C	Q02196	0
YBR278W	P27344	0
YMR073C	Q04772	0
YMR263W	P38429	0
YBL072C	P0CX39	0
YER102W	P0CX40	0
YLR073C	Q08003	0
YOR367W	Q08873	0
YPL239W	P46683	0
YBR264C	P38146	0
YDL082W	Q12690	0
YDR084C	P38962	0
YGR078C	P48363	0
YIL133C	P26784	0
YIL164C	P40447	0
YMR142C	P40212	0
YNL079C	P17536	0
YNL214W	P40155	0
YAL008W	P18411	0
YDR032C	Q12335	0
YGR268C	P40325	0
YHR153C	P17122	0
YJL217W	P40893	0
YJR014W	P47089	0
YMR003W	Q03673	0
YMR184W	Q03233	0
YNL069C	P26785	0
YNL260C	P53846	0
YPL051W	Q02804	0
YIL157C	P40452	0
YJR069C	P47119	0
YKR065C	P36147	0
YLR251W	Q06563	0
YLR356W	Q06485	0
YNL056W	P53949	0
YPL081W	O13516	0
YBL107C	P38162	0
YDR066C	Q12378	0
YDR121W	Q04603	0
YDR453C	Q04120	0
YER029C	P40018	0
YGR251W	P53317	0
YJL030W	P40958	0
YML028W	P34760	0
YMR118C	Q04487	0
YPR037C	Q12284	0
YBR189W	P05755	0
YFR017C	P43598	0
YIR032C	P32459	0
YKR085C	P22354	0
YPR131C	Q06504	0
YJL024C	P47064	0
YCL026C-A	P37261	0
YCL026C-B	Q96VH4	0
YLR292C	P39742	0
YNL090W	P06781	0
YOR297C	Q08749	0
YDR071C	Q12447	0
YDR253C	Q12041	0
YER115C	Q01684	0
YGL147C	P05738	0
YLR011W	Q07923	0
YMR138W	P39110	0
YNL067W	P51401	0
YCR086W	P25651	0
YGL231C	P53073	0
YHR189W	P38876	0
YMR150C	P28627	0
YNL096C	P48164	0
YOR096W	P26786	0
YBL027W	P0CX83	0
YBR084C-A	P0CX82	0
YHR175W	P38865	0
YLR254C	Q06568	0
YBR106W	P38264	0
YCL001W	P25560	0
YDL200C	P26188	0
YLR306W	P52491	0
YLR445W	Q06201	0
YMR255W	Q04839	0
YOR163W	Q99321	0
YOR179C	Q08553	0
YDR512C	Q04406	0
YGR049W	P32564	0
YHR121W	P38828	0
YIR017C	P40573	0
YML022W	P49435	0
YPL021W	Q02710	0
YBR217W	P38316	0
YNL301C	P0CX50	0
YNR024W	P53725	0
YDL053C	Q07362	0
YER066W	P40042	0
YHR100C	P38812	0
YOR215C	Q12032	0
YPR067W	Q12425	0
YER042W	P40029	0
YHR081W	P38801	0
YJL177W	P46990	0
YKR007W	Q02205	0
YOL129W	Q12016	0
YBR164C	P38116	0
YCR003W	P25348	0
YGR102C	P53260	0
YGR133W	P29340	0
YMR072W	Q02486	0
YOR094W	P40994	0
YHR093W	P29589	0
YHR157W	P33323	0
YML078W	P25719	0
YDL137W	P19146	0
YDL192W	P11076	0
YDR178W	P37298	0
YDR441C	P36973	0
YER007C-A	P89886	0
YHR060W	P38784	0
YIL009C-A	Q03096	0
YLR065C	Q99382	0
YML036W	Q03705	0
YPR046W	Q12262	0
YAL055W	P39718	0
YBL006C	P38210	0
YJL161W	P46998	0
YPR028W	Q12402	0
YDR185C	Q04006	0
YDR540C	Q03036	0
YEL066W	P39979	0
YLL049W	Q07887	0
YLR021W	Q07951	0
YMR009W	Q03677	0
YLR370C	Q05933	0
YML055W	Q04969	0
YOR252W	Q08687	0
YBL090W	P38175	0
YBR022W	P38218	0
YBR122C	P36531	0
YJR025C	P47096	0
YML011C	Q04231	0
YMR035W	P46972	0
YMR042W	P07249	0
YOL067C	P32607	0
YPL038W	Q03081	0
YLR109W	P38013	0
YLR448W	P05739	0
YML073C	Q02326	0
YNL044W	P53633	0
YOR253W	Q08689	0
YPR051W	Q03503	0
YBL091C-A	Q6Q595	0
YBR047W	P38231	0
YCL066W	P0CY07	0
YCR040W	P0CY06	0
YDR163W	Q03772	0
YDR469W	Q03323	0
YGL222C	P53080	0
YJL122W	P47019	0
YKL190W	P25296	0
YLR193C	Q05776	0
YPR101W	Q06091	0
YGL010W	P25338	0
YGR085C	Q3E757	0
YGR131W	P53279	0
YHR193C	P38879	0
YKL016C	P30902	0
YPR102C	P0C0W9	0
YDL046W	Q12408	0
YHR152W	P17123	0
YNL133C	P53913	0
YPL148C	Q12036	0
YPR149W	Q12207	0
YGL058W	P06104	0
YJL124C	P47017	0
YJR097W	P47138	0
YMR242C	P0CX23	0
YOL159C	Q08300	0
YOR312C	P0CX24	0
YAL044C	P39726	0
YDR260C	Q12379	0
YGR174C	P37267	0
YHL043W	P38728	0
YCR046C	P25626	0
YDR073W	P38956	0
YFR026C	P43604	0
YOL143C	P50861	0
YCL033C	P25566	0
YLR164W	Q06236	0
YNL157W	P53897	0
YPL223C	Q08969	0
YJL065C	P40366	0
YKL026C	P36014	0
YKL056C	P35691	0
YLL042C	Q07879	0
YEL044W	P32617	0
YLR074C	Q08004	0
YDR418W	P0CX54	0
YEL054C	P0CX53	0
YGL259W	P53057	0
YMR022W	Q02159	0
YPL135W	Q03020	0
YPL187W	P01149	0
YIL057C	P40188	0
YJR055W	P46973	0
YKR020W	P36116	0
YOR394W	P0CE86	0
YPL234C	P32842	0
YPL282C	P0CE87	0
YGR031C-A	Q8TGN9	0
YIR037W	P40581	0
YML094W	Q04493	0
YOR150W	Q12487	0
YPR188C	Q06580	0
YBR077C	P38247	0
YBR120C	P07253	0
YBR244W	P38143	0
YDR014W-A	Q03937	0
YDR155C	P14832	0
YDR179C	Q03981	0
YOR357C	Q08826	0
YER067W	P40043	0
YIL138C	P40414	0
YJL096W	P40858	0
YOR276W	P12962	0
YPR073C	P40347	0
YBR191W	Q02753	0
YEL027W	P25515	0
YMR040W	Q04210	0
YPL079W	Q12672	0
YHR126C	P38832	0
YIL016W	P40548	0
YML030W	Q03713	0
YDL125C	Q04344	0
YNL185C	P53875	0
YPR062W	Q12178	0
YCR063W	P25337	0
YGR076C	P23369	0
YGR275W	P53330	0
YIL087C	P40502	0
YJR047C	P19211	0
YOR044W	Q08416	0
YPL037C	Q02642	0
YBR048W	P0CX48	0
YDR025W	P0CX47	0
YLR170C	P35181	0
YLR421C	O13563	0
YMR002W	Q03667	0
YOR226C	Q12056	0
YOR339C	P52492	0
YPL200W	Q08955	0
YPR193C	Q06592	0
YGL031C	P04449	0
YGL187C	P04037	0
YGR148C	P24000	0
YIL065C	P40515	0
YIL098C	P40491	0
YKR074W	P36154	0
YMR158W	Q03799	0
YJR104C	P00445	0
YDR092W	P52490	0
YER014C-A	P85052	0
YER030W	P40019	0
YKL067W	P36010	0
YLR315W	Q06162	0
YNL052W	P00424	0
YNL255C	P53849	0
YNL281W	P53834	0
YNR036C	P53732	0
YOR382W	Q08906	0
YCL058C	P25585	0
YEL048C	P32613	0
YPL170W	Q12091	0
YHR021W-A	O13529	0
YHR116W	P38824	0
YLR068W	Q12247	0
YOL108C	P13902	0
YOR298C-A	O14467	0
YBR266C	P38343	0
YDL110C	Q12513	0
YDL219W	Q07648	0
YHL006C	P38751	0
YIL111W	P00425	0
YLR218C	Q05809	0
YMR159C	Q03818	0
YPL059W	Q02784	0
YDR063W	Q12156	0
YDR252W	P40314	0
YGL106W	P53141	0
YLL052C	P0CD90	0
YNR010W	P33308	0
YOR286W	Q08742	0
YBR082C	P15731	0
YBR173C	P38293	0
YDR059C	P15732	0
YER044C	P40030	0
YER150W	P40092	0
YGR203W	P42937	0
YHR051W	P00427	0
YHR136C	P38839	0
YIR005W	P40565	0
YMR148W	P40219	0
YPL144W	Q12245	0
YDR462W	P36527	0
YFR033C	P00127	0
YJR058C	Q00381	0
YBR282W	P36526	0
YCR071C	P25642	0
YDR450W	P0CX55	0
YGR243W	P53311	0
YML026C	P0CX56	0
YNL328C	P42834	0
YNR004W	P40342	0
YBL025W	P38204	0
YER035W	P40023	0
YGR118W	P0CX29	0
YKL160W	P36053	0
YPR132W	P0CX30	0
YBL021C	P13434	0
YCL056C	P25584	0
YNL302C	P07281	0
YOL121C	P07280	0
YDL083C	P0CX52	0
YDR100W	Q03860	0
YDR513W	P17695	0
YER046W	P40031	0
YMR143W	P0CX51	0
YNL081C	P53937	0
YOL165C	Q08361	0
YOR369C	P48589	0
YPR017C	P32601	0
YBR210W	P38312	0
YBR258C	P38337	0
YLR245C	Q06549	0
YBR188C	P38302	0
YDL123W	Q07549	0
YJR044C	P47111	0
YPR100W	Q06090	0
YEL033W	P32633	0
YNR022C	P53724	0
YOR285W	Q12305	0
YBL049W	P38191	0
YBR269C	P38345	0
YER050C	P40033	0
YGL054C	P53173	0
YHL001W	P38754	0
YIL040W	P40532	0
YJL191W	P39516	0
YKL006W	P36105	0
YKL170W	P35996	0
YMR292W	Q03554	0
YBL087C	P0CX41	0
YCR031C	P06367	0
YDR156W	P50106	0
YER093C-A	P87275	0
YER117W	P0CX42	0
YGL087C	P53152	0
YGR230W	P50084	0
YKL167C	P32388	0
YDR447C	P14127	0
YDR471W	P0C2H7	0
YHR010W	P0C2H6	0
YML024W	P02407	0
YNL031C	P61830	0
YPL250C	Q12048	0
YCR028C-A	P32445	0
YDR482C	Q03375	0
YDR519W	P32472	0
YER074W	P0CX31	0
YIL069C	P0CX32	0
YBR230C	P38325	0
YOL012C	Q12692	0
YDR511W	Q04401	0
YHR191C	P38877	0
YJL151C	P14359	0
YKR049C	P36141	0
YLR110C	Q12127	0
YLR437C	O13577	0
YPL192C	Q08931	0
YDR225W	P04911	0
YLR385C	Q06707	0
YBL002W	P02294	0
YHR132W-A	Q9P305	0
YJL077C	P47034	0
YKL003C	P28778	0
YKL138C	P14063	0
YLR104W	Q08045	0
YNL269W	P53841	0
YGL080W	P53157	0
YHR059W	P38783	0
YJL190C	P0C0W1	0
YLR367W	Q3E7Y3	0
YPR200C	Q06597	0
YER057C	P40037	0
YER072W	P40046	0
YGL191W	P32799	0
YHR162W	P38857	0
YNL153C	P53900	0
YOR183W	Q08559	0
YCR082W	P25649	0
YIL148W	P0CH08	0
YKR094C	P0CH09	0
YCR083W	P25372	0
YDR504C	Q04398	0
YDR529C	P00128	0
YGL127C	P38633	0
YGR034W	P53221	0
YKL086W	P36077	0
YLR344W	P05743	0
YMR195W	Q04329	0
YAL064C-A	Q6B2U8	0
YCR097W	P0CY11	0
YER038W-A	A0A023PZB3	0
YER071C	P40045	0
YGL121C	P53130	0
YER092W	P40060	0
YGL007W	P53194	0
YJR063W	P32529	0
YLR331C	O13555	0
YCR104W	P25610	0
YFR036W	P14724	0
YIR041W	P40585	0
YLL025W	Q12370	0
YLR037C	Q07987	0
YLR154W-C	Q8TGM6	0
YLR295C	Q12349	0
YMR325W	P0CE85	0
YBR194W	P38305	0
YDR493W	Q03429	0
YFR049W	P19955	0
YGL226W	P53077	0
YJL184W	P46984	0
YJR108W	P47146	0
YKL224C	P35994	0
YDR357C	Q06333	0
YFL020C	P43575	0
YFL034C-A	P56628	0
YGL070C	P27999	0
YLR408C	Q06071	0
YMR123W	Q03880	0
YDR031W	Q04341	0
YER056C-A	P87262	0
YIL052C	P40525	0
YIR013C	P40569	0
YLR061W	P05749	0
YPL013C	Q02608	0
YAL068C	P0CE92	0
YBR301W	P38155	0
YDL136W	P0CX85	0
YDL191W	P0CX84	0
YDR542W	Q03050	0
YEL049W	P32612	0
YGL029W	P53188	0
YGL089C	P32435	0
YGL261C	P0CE93	0
YHL046C	P38725	0
YIL176C	P0CE89	0
YJL223C	P0CE88	0
YLL064C	P0CE91	0
YLR461W	P53427	0
YNL111C	P40312	0
YNR076W	P0CE90	0
YOL161C	Q08322	0
YER131W	P39939	0
YAL046C	P39724	0
YGR020C	P39111	0
YJL003W	P47081	0
YKL037W	P32858	0
YAL030W	P31109	0
YBL078C	P38182	0
YML101C	Q04201	0
YKL084W	P36078	0
YOR189W	Q08561	0
YMR107W	Q04438	0
YNL147W	P53905	0
YOR327C	P33328	0
YPR020W	Q12233	0
YPR166C	P10663	0
YHR039C-A	P48836	0
YLR200W	P52553	0
YNL135C	P20081	0
YOR068C	Q08474	0
YCL058W-A	Q2V2Q1	0
YDL075W	P0C2H8	0
YEL039C	P00045	0
YJR082C	P47128	0
YKL061W	P35727	0
YLL030C	Q07829	0
YLR406C	P0C2H9	0
YOL109W	Q08245	0
YPL098C	Q02889	0
YLR390W	Q06011	0
YCR060W	P25638	0
YDR079W	P38958	0
YEL003W	P40005	0
YHR087W	P38804	0
YIR009W	P40567	0
YKL137W	P36064	0
YLR204W	P32344	0
YAL044W-A	Q3E793	0
YCL035C	P25373	0
YDR382W	P02400	0
YGL168W	P45820	0
YGR215W	P53305	0
YJR086W	P18852	0
YLR154C	Q12338	0
YBL059C-A	Q3E7A4	0
YBR091C	P32830	0
YDR525W	Q04413	0
YFL014W	P22943	0
YJL179W	P46988	0
YJR048W	P00044	0
YLR364W	Q05926	0
YGR027C	Q3E792	0
YJL199C	P39534	0
YJR034W	Q02772	0
YLL014W	Q12431	0
YLR261C	O13549	0
YLR333C	P0C0T4	0
YER058W	Q02771	0
YOR234C	P41056	0
YDL081C	P05318	0
YDL130W	P10622	0
YHR141C	P0CX28	0
YOL039W	P05319	0
YOR265W	P48606	0
YBR268W	P36532	0
YGR181W	P53299	0
YMR230W	P46784	0
YOR293W	Q08745	0
YBL001C	P35195	0
YDR281C	Q05637	0
YGR209C	P22803	0
YML058W	Q04964	0
YMR244C-A	Q3E846	0
YOR235W	Q08630	0
YBL048W	P38192	0
YLR043C	P22217	0
YNL030W	P02309	0
YEL059W	P39982	0
YGR063C	P32914	0
YNL086W	P48232	0
YNL300W	P48560	0
YDR377W	Q06405	0
YGR206W	P42939	0
YLR346C	Q06139	0
YPL056C	Q02786	0
YMR194W	P05745	0
YPL249C-A	O14455	0
YBR089C-A	P11633	0
YIL008W	P40554	0
YPL046C	Q03071	0
YPL047W	Q03067	0
YLL018C-A	Q3E731	0
YMR225C	P19956	0
YBR111W-A	Q6WNK7	0
YDR322C-A	P81449	0
YDL045W-A	O75012	0
YGR236C	P50088	0
YFL010W-A	P32450	0
YJL166W	P08525	0
YJR010C-A	P46965	0
YDR070C	Q12497	0
YHR005C-A	P87108	0
YJR005C-A	Q3E827	0
YPL183W-A	O14464	0
YPR052C	P11632	0
YDR424C	Q02647	0
YJR094W-A	P0CX26	0
YKL096W-A	P43497	0
YPR043W	P0CX25	0
YHR079C-A	P89114	0
YNR037C	P53733	0
YOL086W-A	Q3E835	0
YDR363W-A	O94742	0
YDR374W-A	Q2V2P8	0
YCR020C-A	P23059	0
YDR500C	P51402	0
YER019C-A	P52871	0
YKR095W-A	Q3E833	0
YLR185W	P49166	0
YEL020W-A	O74700	0
YGL032C	P32781	0
YGR037C	P31787	0
YJL136C	Q3E754	0
YJR135W-A	P57744	0
YKR057W	P0C0V8	0
YLR099W-A	Q3E798	0
YDL130W-A	P01098	0
YDR378C	Q06406	0
YGL226C-A	Q92316	0
YKL053C-A	O60200	0
YLR327C	Q06177	0
YMR286W	P20084	0
YNL211C	P53869	0
YDL181W	P01097	0
YER180C-A	Q3E784	0
YJL062W-A	Q3E7B2	0
YGR008C	P16965	0
YLR038C	Q01519	0
YBL071W-A	Q3E840	0
YER087C-B	P52870	0
YHR021C	P38711	0
YKL156W	P35997	0
YDL160C-A	Q3E829	0
YDR379C-A	Q3E785	0
YDR525W-A	P56508	0
YMR175W	P50263	0
YCR020W-B	Q9URQ5	0
YLR325C	P49167	0
YLR395C	P04039	0
YDR139C	Q03919	0
YGR105W	P41806	0
YHR001W-A	P37299	0
Q0130	P61829	0
YNL015W	P0CT04	0
YEL059C-A	Q05676	0
YCL005W-A	Q3E7B6	0
YHR199C-A	Q3E7Y6	0
YMR194C-B	Q3E7A9	0
YNL259C	P38636	0
YNR032C-A	Q6Q546	0
YDR079C-A	Q3E7C1	0
YDR320C-A	P69851	0
YNL024C-A	Q8TGJ3	0
YML009C	P36533	0
YML129C	P39103	0
YLL009C	Q12287	0
YML058W-A	Q6Q5K6	0
YMR174C	P01094	0
YOL077W-A	P81451	0
YPL096C-A	P62651	0
YPL189C-A	Q3E823	0
YLR264W	P0C0X0	0
YOR167C	Q3E7X9	0
YPR036W-A	Q3E752	0
YDR119W-A	Q2V2P9	0
YGR183C	P22289	0
YBR162W-A	P38374	0
YLR262C-A	Q3E764	0
YLR287C-A	P0CX33	0
YOR182C	P0CX34	0
YLR162W-A	Q3E811	0
YPL271W	P21306	0
YHR053C	P0CX80	0
YHR055C	P0CX81	0
YOL052C-A	P89113	0
YOR045W	P33448	0
YMR256C	P10174	0
YNL070W	P53507	0
YFR032C-A	P05747	0
YML081C-A	P81450	0
YMR251W-A	Q05827	0
YDL061C	P41058	0
YLR388W	P41057	0
YAR020C	P39545	0
YDR276C	P87284	0
YJL205C	Q02820	0
YJL189W	P04650	0
YPR133W-A	P80967	0
Q0080	P00856	0
YNL130C-A	Q3E808	0
YEL017C-A	P40975	0
YBL108C-A	Q3E770	0
YCR024C-A	P32903	0
YNL145W	P34166	0
YDL232W	Q99380	0
YDR461W	P34165	0
YCL054W-A	A0A0B7P221	0
YDL133C-A	P0CX87	0
YDL184C	P0CX86	0
